slot_id,entry_hour,exit_hour,day_of_week,is_weekend,occupied
52,5,7,4,0,0
93,5,8,6,1,0
15,20,23,2,0,1
72,8,12,3,0,1
61,3,7,0,0,0
21,11,12,0,0,0
83,11,12,4,0,0
87,22,23,5,1,0
75,16,20,6,1,1
75,14,15,3,0,0
88,8,9,3,0,1
100,6,10,2,0,0
24,9,11,5,1,1
3,15,19,0,0,0
22,11,13,2,0,0
53,6,10,1,0,0
2,17,18,3,0,0
88,14,17,0,0,1
30,5,8,2,0,0
38,11,13,4,0,0
2,10,12,1,0,1
64,19,21,2,0,1
60,2,5,4,0,0
21,1,3,0,0,0
33,5,9,0,0,0
76,23,3,1,0,0
58,21,0,4,0,0
22,4,8,3,0,0
89,17,19,6,1,0
49,15,18,6,1,1
91,7,9,0,0,0
59,19,23,5,1,0
42,21,23,3,0,0
92,10,13,3,0,1
60,9,11,6,1,1
80,23,3,2,0,0
15,11,12,2,0,0
62,20,23,0,0,1
62,5,7,3,0,0
47,19,22,2,0,0
62,4,6,4,0,0
51,22,23,4,0,0
55,8,12,4,0,1
64,15,17,4,0,0
3,21,23,3,0,0
51,13,14,4,0,0
7,21,0,3,0,0
21,7,11,6,1,1
73,19,21,0,0,0
39,18,20,0,0,1
18,13,17,4,0,1
4,6,7,4,0,0
89,4,7,4,0,0
60,17,21,0,0,1
14,1,4,2,0,0
9,10,11,0,0,0
90,21,22,4,0,0
53,7,11,2,0,1
2,0,2,2,0,0
84,21,22,1,0,0
92,11,12,6,1,0
60,1,5,3,0,0
71,17,21,6,1,0
44,6,10,4,0,0
8,16,17,3,0,1
47,21,0,1,0,0
35,22,23,3,0,1
78,13,17,4,0,1
81,23,1,1,0,0
36,6,8,3,0,0
50,21,1,0,0,0
4,2,4,2,0,0
2,5,6,6,1,0
6,19,22,1,0,0
54,1,2,0,0,0
4,16,20,4,0,0
54,11,12,2,0,0
93,11,13,6,1,1
63,16,17,1,0,0
18,9,12,2,0,1
90,2,4,5,1,0
44,19,22,5,1,0
34,17,20,1,0,1
74,12,15,1,0,0
62,11,12,3,0,1
100,16,17,2,0,0
14,3,4,5,1,0
95,22,23,6,1,1
48,9,11,5,1,0
15,10,11,2,0,0
72,5,7,5,1,0
78,5,8,6,1,1
87,8,10,0,0,1
62,14,18,5,1,1
40,1,2,5,1,0
85,3,7,4,0,0
80,4,6,0,0,0
82,16,17,3,0,0
53,7,11,1,0,0
24,7,8,6,1,1
26,21,23,5,1,0
89,11,15,6,1,1
60,20,22,3,0,1
41,7,11,3,0,0
29,18,21,0,0,0
15,2,5,6,1,0
45,17,20,1,0,1
65,20,23,4,0,0
89,18,21,3,0,0
71,18,20,4,0,1
9,14,17,1,0,0
88,5,7,1,0,0
1,15,18,0,0,0
8,7,8,6,1,0
88,15,18,2,0,0
63,17,18,6,1,1
11,19,21,5,1,0
81,15,18,0,0,1
8,10,14,6,1,0
35,6,8,4,0,0
35,16,19,6,1,1
33,16,18,0,0,0
5,11,15,1,0,0
41,12,15,3,0,0
28,9,13,5,1,1
7,6,9,5,1,0
73,13,14,2,0,1
72,22,0,1,0,0
12,0,4,5,1,0
34,16,18,5,1,0
33,3,7,3,0,0
48,20,22,4,0,0
23,4,6,4,0,0
62,19,21,4,0,0
88,23,0,0,0,0
37,22,1,4,0,0
99,6,7,4,0,1
44,9,11,0,0,1
86,16,20,3,0,1
91,6,8,1,0,0
35,0,3,5,1,0
65,6,7,2,0,0
99,23,2,5,1,0
47,10,14,4,0,0
78,8,11,4,0,0
3,11,12,6,1,1
1,2,6,5,1,0
5,3,6,5,1,0
90,3,4,6,1,1
14,12,13,4,0,0
27,22,0,0,0,0
9,18,21,0,0,1
79,9,13,0,0,0
15,4,6,2,0,0
90,6,9,1,0,1
42,23,2,4,0,0
77,15,19,3,0,0
51,0,2,5,1,0
63,11,13,5,1,1
96,1,5,4,0,0
52,6,8,4,0,0
96,10,11,4,0,1
4,12,16,5,1,0
94,1,4,6,1,1
23,6,10,4,0,0
15,14,15,5,1,1
43,10,14,1,0,0
29,1,4,3,0,1
36,6,9,0,0,0
13,3,7,6,1,0
32,10,14,3,0,1
71,1,2,4,0,0
59,15,16,3,0,0
86,6,9,4,0,0
28,12,14,3,0,0
66,4,6,2,0,0
42,16,18,3,0,1
45,20,22,0,0,1
62,11,14,0,0,0
57,18,20,6,1,1
6,6,8,3,0,0
28,5,9,5,1,0
28,7,9,5,1,0
44,12,16,5,1,0
84,4,7,3,0,0
30,1,5,5,1,0
62,8,9,1,0,1
75,10,14,3,0,1
92,23,1,0,0,0
89,5,9,6,1,0
62,6,10,5,1,1
97,6,9,2,0,0
1,18,21,5,1,1
27,5,7,0,0,0
62,10,11,1,0,1
77,10,11,3,0,1
3,6,10,5,1,1
70,1,2,2,0,0
72,18,21,6,1,1
27,3,5,0,0,0
9,5,7,6,1,1
62,16,19,6,1,0
37,4,6,2,0,0
97,6,10,4,0,0
51,8,10,0,0,1
44,0,1,4,0,0
24,0,2,2,0,0
79,18,20,3,0,1
59,5,8,3,0,0
32,17,20,3,0,1
96,9,10,6,1,0
88,10,13,4,0,0
52,0,1,6,1,0
62,0,4,3,0,0
58,12,13,6,1,1
52,4,6,1,0,0
12,19,20,0,0,0
39,0,4,0,0,0
2,19,21,6,1,1
3,2,3,2,0,0
56,17,20,5,1,1
81,8,11,4,0,1
59,13,16,0,0,1
2,16,17,6,1,1
2,22,23,4,0,0
92,13,17,2,0,1
54,3,5,3,0,0
87,4,6,5,1,1
96,20,22,2,0,0
97,16,18,1,0,0
1,21,22,3,0,0
19,1,2,3,0,0
2,22,2,3,0,0
53,21,23,2,0,0
44,4,5,1,0,0
90,3,4,5,1,1
32,3,4,4,0,0
70,5,6,2,0,0
32,19,21,0,0,1
68,20,22,0,0,0
55,12,13,2,0,0
75,21,0,4,0,0
56,4,8,0,0,0
17,22,0,4,0,0
38,22,0,3,0,0
24,6,9,2,0,1
69,19,21,3,0,0
98,0,3,0,0,0
70,13,16,4,0,1
86,23,0,3,0,0
11,3,5,0,0,0
16,16,20,6,1,1
97,20,23,1,0,1
73,13,17,3,0,1
59,15,16,1,0,0
70,13,15,1,0,0
80,15,16,5,1,0
93,23,0,0,0,0
3,19,23,2,0,1
20,7,11,4,0,0
59,23,2,6,1,1
36,2,4,0,0,0
19,18,19,5,1,0
90,0,3,5,1,0
67,1,4,6,1,1
19,14,15,3,0,1
20,21,22,4,0,0
96,9,12,5,1,1
71,17,18,2,0,0
52,21,22,0,0,1
33,13,17,2,0,1
40,16,18,3,0,0
39,12,15,0,0,0
82,0,1,3,0,0
1,4,7,4,0,0
11,12,14,4,0,0
92,13,16,2,0,0
57,23,2,2,0,0
89,2,5,4,0,0
50,14,18,1,0,1
23,18,20,4,0,1
31,16,18,6,1,0
94,2,5,0,0,0
42,15,18,6,1,1
99,13,15,3,0,1
7,11,12,4,0,0
16,11,15,4,0,1
90,10,12,5,1,1
60,16,19,3,0,0
2,7,8,5,1,0
1,16,17,3,0,1
48,20,21,6,1,1
12,22,2,0,0,0
69,19,23,3,0,0
37,10,12,2,0,0
32,1,3,4,0,0
9,9,11,3,0,0
99,9,11,0,0,1
19,10,13,3,0,0
48,5,9,4,0,0
80,3,4,1,0,0
3,23,2,3,0,0
20,11,13,2,0,0
24,10,12,4,0,0
54,22,1,0,0,0
33,22,23,6,1,0
24,12,16,6,1,1
75,4,8,4,0,0
72,5,6,5,1,1
36,0,4,1,0,0
38,5,7,0,0,0
84,17,19,1,0,0
99,21,23,6,1,1
89,8,10,1,0,0
99,23,0,2,0,0
25,14,18,6,1,1
93,7,11,3,0,0
18,18,21,2,0,0
82,23,0,2,0,0
66,15,19,5,1,1
54,5,9,2,0,0
35,5,8,0,0,0
80,21,23,3,0,0
61,2,6,3,0,0
41,9,11,6,1,1
100,0,3,0,0,0
33,13,17,2,0,0
68,3,5,2,0,0
33,11,12,1,0,0
14,5,7,6,1,0
21,10,12,6,1,0
48,11,13,1,0,0
20,9,11,5,1,1
8,17,18,4,0,0
7,6,9,1,0,0
67,6,8,3,0,1
17,10,12,0,0,0
33,3,7,2,0,0
48,19,23,4,0,0
76,0,1,1,0,0
59,12,13,6,1,1
86,17,18,4,0,1
22,8,12,0,0,0
30,23,1,0,0,0
38,23,3,6,1,1
51,8,11,4,0,1
54,22,23,4,0,0
8,8,9,5,1,1
27,9,10,4,0,1
27,1,4,2,0,0
98,5,7,3,0,0
21,14,16,1,0,0
30,2,4,6,1,0
97,10,11,1,0,1
28,5,7,1,0,0
64,2,6,4,0,0
97,23,0,6,1,0
69,10,13,4,0,1
61,14,17,5,1,0
48,12,14,4,0,0
19,19,20,5,1,1
4,9,13,5,1,1
35,5,9,2,0,0
64,14,15,2,0,1
49,17,19,2,0,0
17,17,20,2,0,1
44,6,9,0,0,0
92,14,18,2,0,1
30,17,21,2,0,1
93,17,21,2,0,0
46,19,22,5,1,1
6,8,12,1,0,0
99,23,2,6,1,0
37,1,4,1,0,0
24,7,9,1,0,0
93,19,21,3,0,1
46,1,3,0,0,0
53,10,14,5,1,1
95,6,9,4,0,0
99,5,9,5,1,0
60,9,12,2,0,1
97,4,6,1,0,0
63,10,12,5,1,1
85,0,4,0,0,0
32,1,4,2,0,0
87,23,3,3,0,0
33,0,1,4,0,0
67,18,22,2,0,0
18,1,3,6,1,0
25,20,23,4,0,0
95,19,22,5,1,1
54,22,2,2,0,0
58,20,22,3,0,1
67,23,0,5,1,0
46,3,7,0,0,0
24,11,14,4,0,0
32,21,23,4,0,1
47,19,22,0,0,1
86,17,20,6,1,1
23,0,3,4,0,0
66,0,3,5,1,0
27,23,0,1,0,0
2,13,15,6,1,0
90,3,7,0,0,0
17,4,6,3,0,0
33,10,12,6,1,1
9,23,1,2,0,0
43,22,2,2,0,0
48,12,14,0,0,0
39,15,19,1,0,0
93,23,3,5,1,0
42,12,13,3,0,0
26,23,2,2,0,0
99,21,1,2,0,0
50,1,4,5,1,0
25,15,17,1,0,0
24,5,8,4,0,0
13,13,16,6,1,1
60,0,3,0,0,0
7,16,18,1,0,1
57,10,12,1,0,0
36,18,22,1,0,0
45,2,6,1,0,0
20,10,11,4,0,1
65,4,6,5,1,0
8,16,17,3,0,0
16,21,23,6,1,1
14,6,9,1,0,0
76,9,10,6,1,1
87,10,11,1,0,0
15,2,3,0,0,0
92,19,21,2,0,1
98,9,13,4,0,0
66,9,10,1,0,0
32,13,17,3,0,1
87,11,13,3,0,0
63,14,15,3,0,0
86,9,11,0,0,1
51,9,13,3,0,0
25,18,22,5,1,1
58,0,1,0,0,0
63,23,3,4,0,0
62,9,12,3,0,1
22,1,4,2,0,0
58,16,17,1,0,0
58,23,1,4,0,0
86,6,8,5,1,1
49,6,8,2,0,0
52,19,22,4,0,0
42,8,12,5,1,1
70,21,0,3,0,1
15,1,5,4,0,0
54,13,16,4,0,0
60,16,18,4,0,0
97,0,2,0,0,0
8,8,10,2,0,1
53,19,20,6,1,0
60,20,21,5,1,1
5,18,22,3,0,1
68,3,4,1,0,0
6,7,10,3,0,0
96,12,15,3,0,1
94,3,7,0,0,1
47,8,12,0,0,1
99,8,10,4,0,1
55,21,22,3,0,1
40,17,19,2,0,1
52,11,12,0,0,0
16,9,10,5,1,0
13,10,14,0,0,0
30,6,8,2,0,0
19,8,10,0,0,0
17,5,6,6,1,0
63,18,19,2,0,1
19,15,19,6,1,0
92,14,17,6,1,1
58,6,8,1,0,0
55,15,17,2,0,0
90,4,8,1,0,0
90,15,19,5,1,0
62,0,2,4,0,0
23,18,20,4,0,1
9,4,5,6,1,0
12,6,9,0,0,0
1,18,20,2,0,0
58,21,1,0,0,0
1,4,5,2,0,0
34,16,17,0,0,0
96,21,1,4,0,0
48,7,11,5,1,0
89,0,1,4,0,0
1,1,5,0,0,0
16,14,15,2,0,1
61,19,23,3,0,0
64,17,18,5,1,1
63,10,12,2,0,1
69,9,11,0,0,0
22,23,3,2,0,0
93,23,2,1,0,0
67,3,5,2,0,0
76,4,5,4,0,0
26,3,6,6,1,1
16,12,13,4,0,1
51,12,13,1,0,0
86,17,19,5,1,1
57,23,3,2,0,0
29,1,5,5,1,1
78,15,16,3,0,0
92,0,2,2,0,0
69,18,19,4,0,1
47,8,11,6,1,1
94,2,3,4,0,0
62,6,8,5,1,1
69,9,10,0,0,1
76,0,2,4,0,0
16,9,13,0,0,0
90,20,22,4,0,1
90,8,11,4,0,1
48,14,16,6,1,1
85,14,17,3,0,1
39,2,5,0,0,0
100,4,5,0,0,0
33,8,11,4,0,1
94,21,23,0,0,0
23,8,12,4,0,1
10,22,0,4,0,0
69,6,10,5,1,0
100,23,2,2,0,0
34,22,23,0,0,0
52,11,14,6,1,0
95,8,11,1,0,1
10,5,9,5,1,0
19,22,0,0,0,0
58,1,2,6,1,0
96,8,9,0,0,0
1,16,17,3,0,0
69,0,1,1,0,1
4,18,20,1,0,1
16,5,6,6,1,1
24,4,8,3,0,0
80,1,5,3,0,0
2,8,9,0,0,0
92,13,14,2,0,0
32,3,5,6,1,0
91,3,5,3,0,0
84,20,21,1,0,1
24,14,16,6,1,1
12,7,10,1,0,0
50,3,4,0,0,0
35,15,17,6,1,0
33,20,0,2,0,1
33,3,4,4,0,0
61,15,16,6,1,0
51,21,1,3,0,0
43,11,15,3,0,0
12,15,17,0,0,1
67,18,22,5,1,1
65,7,10,5,1,0
33,5,6,2,0,0
40,9,12,1,0,0
74,4,6,1,0,0
43,17,21,4,0,0
44,9,10,1,0,1
29,9,13,5,1,1
13,6,10,5,1,1
12,17,19,3,0,0
95,0,2,4,0,0
46,6,8,2,0,0
2,20,22,4,0,0
35,0,1,6,1,1
87,14,17,2,0,0
81,3,6,5,1,0
90,19,20,1,0,0
8,9,13,0,0,0
93,22,23,4,0,0
26,8,11,4,0,0
74,1,4,3,0,0
90,13,14,3,0,0
34,15,17,5,1,0
7,0,4,2,0,0
68,1,2,0,0,0
58,6,9,6,1,0
75,9,11,3,0,1
29,21,1,3,0,1
36,19,22,1,0,1
89,0,4,1,0,0
21,12,14,5,1,1
36,0,3,5,1,1
10,4,6,3,0,0
73,15,16,2,0,0
24,14,15,6,1,1
64,16,20,0,0,0
99,22,0,3,0,0
49,15,17,2,0,0
99,12,16,2,0,0
36,10,14,3,0,0
82,16,20,2,0,0
96,16,17,4,0,0
24,1,5,2,0,1
23,12,13,3,0,1
62,13,17,2,0,0
96,10,12,6,1,1
37,9,11,3,0,1
12,2,6,1,0,0
55,16,20,3,0,0
13,14,15,2,0,1
23,8,11,3,0,0
89,9,10,0,0,0
99,7,9,3,0,0
30,20,0,3,0,0
17,12,14,0,0,1
62,17,20,0,0,1
84,4,5,0,0,0
89,5,7,5,1,1
86,16,17,4,0,0
13,10,14,5,1,1
59,19,21,3,0,1
19,15,18,5,1,0
49,8,9,5,1,1
100,1,2,0,0,0
12,4,7,0,0,0
61,0,2,1,0,0
19,3,5,5,1,0
76,3,4,4,0,0
9,21,0,3,0,0
71,2,3,6,1,0
28,8,9,6,1,1
78,21,1,2,0,0
95,22,0,4,0,1
52,11,13,4,0,1
83,9,13,1,0,1
16,1,3,3,0,0
69,10,12,3,0,0
99,9,11,0,0,0
12,21,0,0,0,1
25,5,9,4,0,0
52,17,18,1,0,0
85,1,4,3,0,0
100,1,2,1,0,0
53,9,13,2,0,0
23,15,19,6,1,0
16,11,15,3,0,0
57,0,2,0,0,0
39,20,23,4,0,0
53,7,11,1,0,0
42,15,16,6,1,0
58,17,19,6,1,1
39,12,14,6,1,0
14,14,17,0,0,1
95,20,23,4,0,1
5,11,14,0,0,0
35,7,9,3,0,0
87,9,13,1,0,1
93,13,14,2,0,0
75,4,8,5,1,0
18,17,18,6,1,1
76,18,22,0,0,0
9,14,17,5,1,0
74,5,6,1,0,0
58,10,12,3,0,1
17,20,21,0,0,0
7,10,12,3,0,0
46,19,23,2,0,1
13,19,22,6,1,1
40,20,21,2,0,1
42,17,19,6,1,1
9,17,21,4,0,1
50,9,12,4,0,1
27,1,4,4,0,0
66,8,11,3,0,1
5,13,17,4,0,0
29,18,22,1,0,1
37,9,13,5,1,1
38,22,1,5,1,0
83,3,4,3,0,1
8,5,7,3,0,0
65,13,17,4,0,1
86,3,4,6,1,1
17,14,16,5,1,0
71,15,18,5,1,0
89,6,7,4,0,1
45,16,19,3,0,1
4,18,20,2,0,1
36,18,22,6,1,0
70,16,19,2,0,0
31,5,6,4,0,0
19,10,14,2,0,1
61,15,16,1,0,0
54,7,9,1,0,1
39,10,12,1,0,0
91,6,10,3,0,0
74,23,0,3,0,1
90,21,22,3,0,0
19,18,19,3,0,0
39,9,10,3,0,0
67,8,10,4,0,1
45,3,4,2,0,0
13,22,0,4,0,0
92,14,15,2,0,0
58,12,13,4,0,0
20,1,4,1,0,0
92,1,4,0,0,0
72,15,16,3,0,0
61,8,10,0,0,1
39,12,13,0,0,0
1,2,5,1,0,0
3,8,9,0,0,1
77,12,15,0,0,0
92,20,21,1,0,1
62,21,1,2,0,0
63,1,2,4,0,0
25,7,9,5,1,0
56,8,11,0,0,1
33,15,19,3,0,0
38,1,4,1,0,0
6,5,8,6,1,0
58,21,23,6,1,1
44,7,8,0,0,0
45,4,6,5,1,0
32,8,9,2,0,1
45,0,4,2,0,0
61,8,10,5,1,1
47,9,11,3,0,0
21,22,1,0,0,0
80,3,5,3,0,1
85,2,3,2,0,1
75,9,11,6,1,1
36,14,16,2,0,1
99,10,14,4,0,0
19,13,14,2,0,1
20,5,8,1,0,0
57,11,12,4,0,0
18,12,16,3,0,0
47,16,17,2,0,0
49,15,16,5,1,0
14,2,4,1,0,0
15,1,3,4,0,0
31,10,11,1,0,0
1,8,9,4,0,1
54,2,5,4,0,0
3,17,21,4,0,0
16,19,21,5,1,0
87,14,16,3,0,0
57,13,15,4,0,1
75,1,3,4,0,0
12,16,17,1,0,0
74,21,22,4,0,0
96,7,10,3,0,0
16,9,11,6,1,1
72,17,19,5,1,1
76,18,19,5,1,0
24,7,10,1,0,0
28,7,8,6,1,0
8,2,4,4,0,0
92,2,4,1,0,0
36,11,15,5,1,0
90,21,1,3,0,0
8,16,20,1,0,0
58,3,6,3,0,0
60,16,17,6,1,1
50,13,15,6,1,1
28,18,20,2,0,1
92,8,11,4,0,0
41,20,22,3,0,1
100,11,13,4,0,0
64,4,5,6,1,0
27,10,14,3,0,0
63,19,23,0,0,1
17,2,5,6,1,1
73,20,0,0,0,1
33,14,18,0,0,0
84,13,16,6,1,1
77,10,13,3,0,0
92,19,23,5,1,1
29,7,8,5,1,0
13,3,6,4,0,0
46,11,13,0,0,0
35,7,10,4,0,0
6,5,7,3,0,0
82,14,17,4,0,0
69,11,14,4,0,0
47,15,19,0,0,0
25,15,19,6,1,1
66,20,0,5,1,1
10,19,20,1,0,0
56,19,23,2,0,0
30,3,7,3,0,0
5,10,13,3,0,1
33,12,15,3,0,1
65,8,9,2,0,1
18,3,5,1,0,0
96,11,14,5,1,0
49,8,11,4,0,1
11,12,14,5,1,1
85,15,16,3,0,0
26,5,8,4,0,0
63,9,13,0,0,0
89,12,13,5,1,0
86,6,8,0,0,0
59,18,20,0,0,1
27,23,3,6,1,0
49,18,22,5,1,0
77,16,20,3,0,0
33,12,13,2,0,1
98,12,14,3,0,1
99,20,0,0,0,1
1,1,5,0,0,0
21,9,11,3,0,0
55,21,0,2,0,0
6,12,13,2,0,1
92,8,11,6,1,0
81,0,4,4,0,0
69,13,14,1,0,1
95,15,18,0,0,0
5,19,21,2,0,1
3,14,18,5,1,1
53,0,1,6,1,0
23,16,17,0,0,0
53,23,0,1,0,0
37,12,13,5,1,1
74,14,18,0,0,1
74,15,19,6,1,0
83,15,17,6,1,0
17,1,3,2,0,0
85,16,18,4,0,0
78,10,13,3,0,0
73,7,9,6,1,0
1,19,23,5,1,1
51,2,5,3,0,0
45,11,15,2,0,0
77,19,22,2,0,0
4,15,17,5,1,0
62,13,15,1,0,1
65,15,17,6,1,0
32,20,23,5,1,1
34,16,20,0,0,0
92,10,11,1,0,0
95,16,20,3,0,0
72,18,20,0,0,1
39,21,0,1,0,0
26,0,3,3,0,0
34,11,13,0,0,0
54,14,17,4,0,0
3,17,19,6,1,1
50,22,2,5,1,0
12,13,16,5,1,1
65,0,1,5,1,0
54,12,15,4,0,0
5,14,16,6,1,1
94,6,7,1,0,1
94,14,16,6,1,1
57,19,22,2,0,1
17,9,10,0,0,1
47,13,14,1,0,1
23,5,8,2,0,0
79,13,14,5,1,1
85,23,3,5,1,0
14,21,22,5,1,1
66,11,12,2,0,1
75,10,14,0,0,1
51,19,21,0,0,1
38,21,23,2,0,0
64,23,3,3,0,1
98,18,19,5,1,1
38,1,4,1,0,0
50,21,1,0,0,0
98,19,22,6,1,1
82,0,2,2,0,0
30,7,11,3,0,0
79,13,16,4,0,1
91,8,9,2,0,1
51,1,5,6,1,0
63,22,1,3,0,0
98,4,8,4,0,1
52,22,2,3,0,0
38,7,9,0,0,0
97,15,17,2,0,0
88,21,22,6,1,1
79,15,17,4,0,0
30,12,14,3,0,0
51,19,21,4,0,1
81,14,17,1,0,0
5,0,4,6,1,1
29,21,23,2,0,0
4,2,5,0,0,0
10,5,9,4,0,0
56,21,23,5,1,0
17,13,15,3,0,0
74,3,7,5,1,1
17,17,20,4,0,0
84,14,17,6,1,1
88,8,9,5,1,1
69,17,21,3,0,1
34,2,3,4,0,0
6,9,12,0,0,0
53,16,18,0,0,0
66,6,7,2,0,0
77,14,17,0,0,0
43,0,3,4,0,0
75,10,12,6,1,1
23,16,20,4,0,0
55,4,7,0,0,0
80,6,7,1,0,0
95,18,20,4,0,1
75,23,3,2,0,0
16,14,18,1,0,0
8,2,6,0,0,0
4,14,17,6,1,1
4,4,8,3,0,0
56,22,1,4,0,0
25,11,13,3,0,0
67,19,21,5,1,0
96,4,8,2,0,0
67,2,4,1,0,0
27,8,9,3,0,0
93,8,9,2,0,0
32,6,9,3,0,0
50,1,5,3,0,0
61,22,1,2,0,0
51,22,0,4,0,0
19,20,0,3,0,0
21,15,18,2,0,0
5,8,12,3,0,0
82,12,16,6,1,1
92,18,21,4,0,0
42,19,23,6,1,1
61,16,18,6,1,1
22,5,6,2,0,0
21,3,4,6,1,1
70,0,4,3,0,0
1,17,18,0,0,0
5,18,22,4,0,0
12,8,11,3,0,1
90,12,14,1,0,0
46,7,8,2,0,0
34,22,1,3,0,0
49,12,14,4,0,0
78,14,15,6,1,0
90,10,11,4,0,1
45,11,13,1,0,0
27,13,16,6,1,0
73,3,6,1,0,0
26,0,1,5,1,0
47,23,1,5,1,0
86,3,6,3,0,0
56,18,20,0,0,0
94,8,10,6,1,1
63,9,10,4,0,1
48,3,5,0,0,1
61,19,21,6,1,1
81,8,12,6,1,0
26,12,14,6,1,1
36,11,14,6,1,1
1,10,11,0,0,1
8,11,12,3,0,0
99,17,19,2,0,1
52,11,13,2,0,0
79,15,18,2,0,0
47,4,8,1,0,1
56,19,20,6,1,1
86,11,15,6,1,0
14,20,23,4,0,0
90,10,11,1,0,1
28,8,11,4,0,1
87,17,19,5,1,1
78,2,5,4,0,0
88,19,21,4,0,1
2,16,20,3,0,0
26,13,14,2,0,1
14,0,1,6,1,0
59,16,20,1,0,0
56,7,9,5,1,0
7,4,5,1,0,0
3,4,7,6,1,0
23,8,10,3,0,1
18,2,3,4,0,0
38,18,21,5,1,0
99,22,1,2,0,0
15,8,9,6,1,1
64,21,1,0,0,1
89,17,21,0,0,0
28,15,16,3,0,0
74,0,3,2,0,0
39,1,5,0,0,0
57,13,17,0,0,1
17,13,17,6,1,1
86,0,2,5,1,1
90,15,19,5,1,0
44,14,15,6,1,0
25,14,15,1,0,1
17,11,13,6,1,1
13,15,17,2,0,1
84,13,14,0,0,0
25,23,1,5,1,1
68,14,18,6,1,1
10,22,1,5,1,0
67,14,17,5,1,1
18,18,21,1,0,0
100,7,8,2,0,0
86,1,3,4,0,0
34,1,4,5,1,0
8,9,13,2,0,1
40,2,6,3,0,0
83,22,2,1,0,0
42,16,18,4,0,1
41,7,10,5,1,0
6,22,2,6,1,1
52,3,5,5,1,1
26,13,17,1,0,0
64,20,23,1,0,0
98,9,12,0,0,1
59,0,3,5,1,0
56,3,6,2,0,0
59,0,3,1,0,0
70,16,20,1,0,0
33,16,19,3,0,0
53,6,10,3,0,1
22,22,1,3,0,0
21,19,23,1,0,1
70,14,17,4,0,0
70,12,16,2,0,0
4,1,4,1,0,0
94,18,20,6,1,1
75,23,3,6,1,0
62,12,14,0,0,1
62,23,3,6,1,0
94,10,14,5,1,1
95,21,1,4,0,0
24,14,15,4,0,0
55,9,12,2,0,0
9,8,10,4,0,0
3,8,10,2,0,0
31,19,23,6,1,0
40,0,2,4,0,0
36,16,18,5,1,0
24,11,13,2,0,0
95,9,11,3,0,0
6,4,5,3,0,0
66,17,21,4,0,0
84,14,16,4,0,0
92,5,6,6,1,0
75,6,7,2,0,0
4,16,20,6,1,0
79,5,8,2,0,0
6,7,10,5,1,0
94,11,14,1,0,0
51,20,22,3,0,1
62,13,17,1,0,0
57,11,14,1,0,0
66,22,0,0,0,0
79,9,13,2,0,1
75,21,23,0,0,0
8,19,22,0,0,1
26,14,17,1,0,1
51,6,7,0,0,1
45,8,9,5,1,1
44,9,13,2,0,1
5,9,11,1,0,0
70,15,17,2,0,0
26,6,9,5,1,0
68,4,7,4,0,0
19,22,2,0,0,0
84,2,3,1,0,0
97,17,20,3,0,1
20,10,12,2,0,1
12,14,17,6,1,0
47,20,21,5,1,0
1,19,21,0,0,0
90,4,5,2,0,0
14,23,3,5,1,0
64,11,15,2,0,0
38,3,4,4,0,0
37,14,16,6,1,0
11,8,9,5,1,1
100,6,9,2,0,0
77,9,12,6,1,0
3,22,23,4,0,0
33,12,15,4,0,1
6,7,8,4,0,0
50,11,14,0,0,0
10,21,22,5,1,1
5,23,2,2,0,1
23,18,20,2,0,1
10,0,2,6,1,0
44,15,18,6,1,0
2,21,22,5,1,0
13,16,19,4,0,0
40,17,21,2,0,1
2,10,14,2,0,1
84,17,18,4,0,0
65,6,9,3,0,1
63,17,20,3,0,1
73,7,9,4,0,0
17,5,6,6,1,1
9,6,10,0,0,0
75,22,2,6,1,0
15,21,22,6,1,0
24,9,13,2,0,1
38,10,11,6,1,1
35,12,16,2,0,0
94,8,12,3,0,0
95,6,7,6,1,1
49,8,9,4,0,0
69,12,16,5,1,0
62,2,6,5,1,0
60,2,4,6,1,1
50,0,3,0,0,0
78,20,21,6,1,1
75,19,20,4,0,1
9,1,4,3,0,0
34,2,4,3,0,0
76,14,18,6,1,1
99,23,3,2,0,1
35,5,7,1,0,0
1,12,14,0,0,1
40,20,23,0,0,1
64,0,3,1,0,0
22,19,23,5,1,0
60,18,20,5,1,1
64,0,2,5,1,1
93,20,0,3,0,1
72,21,1,4,0,0
11,1,5,0,0,0
14,14,18,1,0,0
60,13,17,2,0,0
30,18,21,6,1,1
35,10,14,2,0,1
85,14,16,6,1,1
37,5,6,3,0,0
5,19,22,0,0,0
83,8,10,4,0,1
78,4,5,0,0,0
26,19,22,6,1,1
62,1,5,5,1,0
4,5,8,2,0,0
89,17,21,0,0,1
42,22,2,2,0,0
89,18,22,1,0,0
18,8,9,1,0,0
40,20,23,2,0,0
72,23,3,4,0,0
39,5,7,4,0,0
14,13,16,0,0,1
32,23,1,2,0,0
51,12,13,3,0,1
38,10,11,4,0,1
97,11,14,6,1,1
23,18,19,4,0,0
63,18,19,5,1,1
15,20,23,1,0,0
97,18,20,4,0,0
25,23,3,6,1,0
17,12,15,4,0,0
97,13,16,6,1,0
66,23,3,5,1,0
78,17,19,6,1,1
53,11,15,4,0,0
51,3,7,5,1,1
39,9,11,2,0,1
51,16,18,2,0,0
70,3,7,1,0,0
6,11,15,0,0,0
67,12,15,5,1,1
7,3,5,4,0,0
51,9,10,0,0,0
72,2,4,2,0,0
42,14,18,4,0,1
64,1,5,0,0,0
15,16,20,5,1,0
29,5,9,5,1,0
33,7,8,0,0,0
94,2,4,6,1,1
27,17,18,5,1,1
36,21,22,3,0,1
29,0,4,2,0,0
38,15,16,1,0,0
57,6,10,1,0,0
97,2,6,3,0,0
27,22,2,0,0,0
55,3,4,5,1,1
33,8,12,3,0,0
68,4,5,3,0,0
86,18,20,5,1,0
66,14,18,2,0,1
10,7,10,5,1,0
5,5,8,5,1,1
74,17,20,6,1,1
97,18,21,4,0,1
38,23,2,0,0,0
13,14,15,1,0,0
31,6,8,1,0,0
47,9,10,3,0,0
100,5,9,6,1,0
88,13,15,3,0,1
52,16,18,3,0,0
56,8,10,0,0,1
15,18,20,3,0,0
29,4,7,3,0,0
8,22,2,4,0,0
5,6,8,0,0,0
29,18,20,2,0,1
47,19,22,6,1,1
68,6,7,2,0,0
76,23,0,5,1,0
45,1,2,4,0,1
2,22,2,1,0,0
27,15,16,5,1,1
95,12,14,2,0,0
36,7,10,0,0,1
36,5,8,1,0,0
26,5,6,3,0,0
43,8,11,0,0,1
27,3,5,1,0,0
69,10,11,2,0,1
20,4,6,5,1,0
11,16,20,3,0,0
74,19,21,3,0,1
38,6,8,6,1,1
6,14,16,0,0,0
72,14,16,5,1,0
23,13,17,3,0,1
47,12,13,1,0,0
90,10,12,6,1,0
46,12,13,6,1,1
12,21,0,4,0,0
90,23,1,2,0,0
13,8,10,0,0,1
62,9,12,5,1,1
82,3,4,4,0,0
89,16,20,4,0,0
97,13,15,0,0,0
60,23,2,1,0,0
43,17,20,5,1,0
76,10,12,2,0,1
100,15,16,0,0,1
68,0,1,5,1,0
5,6,8,4,0,0
37,9,12,4,0,1
72,8,10,0,0,1
92,2,6,5,1,1
31,21,1,4,0,0
9,22,23,0,0,0
51,13,17,6,1,1
29,14,17,0,0,0
78,1,5,2,0,0
40,23,1,0,0,0
41,13,16,6,1,1
86,15,16,5,1,1
11,6,7,5,1,0
23,3,7,4,0,0
1,17,18,3,0,1
46,23,1,2,0,0
21,4,7,5,1,0
90,5,7,4,0,0
36,6,8,4,0,0
54,14,16,2,0,0
87,0,2,2,0,0
57,23,2,4,0,0
1,3,6,6,1,0
63,0,2,3,0,0
54,10,12,6,1,0
55,17,18,1,0,1
40,13,14,6,1,1
15,21,0,4,0,0
21,10,11,2,0,0
47,9,12,0,0,0
73,16,19,0,0,0
53,3,7,2,0,0
9,23,2,6,1,0
74,14,15,2,0,1
52,15,19,1,0,0
57,20,21,5,1,1
26,12,15,2,0,0
41,8,11,0,0,0
35,10,12,3,0,0
63,10,13,2,0,1
25,5,9,1,0,1
90,0,3,3,0,0
75,21,23,1,0,1
38,5,8,3,0,0
2,12,15,2,0,0
7,21,0,0,0,0
82,23,1,3,0,0
91,21,22,4,0,0
34,4,7,5,1,0
91,14,18,1,0,0
17,17,19,3,0,1
43,19,23,1,0,0
59,13,16,0,0,1
51,14,16,1,0,0
54,4,7,1,0,0
24,3,7,4,0,0
25,1,3,1,0,0
71,6,7,3,0,1
52,9,10,1,0,1
70,15,16,2,0,0
88,9,12,1,0,1
33,17,19,2,0,0
49,16,20,5,1,1
29,20,0,1,0,1
63,12,15,6,1,0
22,0,3,5,1,0
26,0,4,6,1,0
28,14,16,1,0,1
85,0,3,3,0,0
49,5,7,6,1,0
71,12,16,2,0,1
81,0,2,5,1,0
84,4,5,5,1,0
49,8,12,2,0,0
20,16,17,4,0,0
86,15,19,1,0,0
92,7,8,1,0,0
63,16,18,3,0,0
61,14,18,4,0,0
49,23,3,4,0,0
71,0,1,6,1,0
1,11,13,3,0,0
96,4,8,5,1,0
13,23,2,2,0,0
94,5,6,5,1,0
87,0,4,0,0,0
51,0,2,3,0,0
56,9,11,2,0,1
83,9,11,5,1,0
62,2,4,5,1,0
32,16,17,4,0,0
30,18,22,3,0,1
29,10,11,0,0,1
49,17,18,1,0,1
45,1,3,3,0,0
93,8,11,0,0,0
30,23,1,0,0,0
16,16,19,3,0,1
40,13,14,2,0,0
19,3,5,3,0,0
18,16,18,5,1,1
1,16,17,6,1,0
78,11,13,4,0,0
47,19,23,5,1,1
66,17,20,0,0,0
92,2,5,0,0,0
94,10,13,1,0,1
38,17,19,0,0,0
51,3,7,6,1,0
63,16,18,1,0,0
4,17,20,0,0,0
1,4,6,0,0,0
8,13,16,3,0,0
29,9,10,3,0,1
55,14,17,4,0,1
3,0,1,5,1,0
32,15,16,2,0,0
10,10,11,4,0,1
74,22,1,0,0,0
83,19,23,4,0,0
34,5,8,3,0,0
97,23,1,5,1,0
87,21,23,0,0,0
55,15,19,0,0,0
92,1,5,4,0,0
32,0,4,5,1,0
50,23,0,6,1,1
7,23,3,1,0,0
93,8,12,6,1,0
8,21,1,2,0,0
65,11,14,5,1,0
57,16,18,4,0,1
67,14,16,6,1,1
88,18,22,4,0,1
87,21,23,2,0,0
59,9,12,0,0,1
72,11,13,0,0,0
54,13,14,1,0,1
67,8,11,4,0,0
51,12,14,2,0,0
97,2,4,4,0,0
92,20,23,3,0,1
8,13,15,4,0,1
34,20,22,4,0,1
35,9,13,3,0,0
96,15,16,3,0,1
88,6,9,6,1,1
78,3,7,2,0,0
32,19,21,6,1,1
46,22,1,0,0,0
16,10,13,1,0,0
68,15,16,6,1,0
37,19,20,3,0,0
54,3,6,0,0,0
85,21,22,2,0,0
14,21,22,5,1,0
95,22,0,4,0,0
55,16,17,2,0,0
48,12,13,2,0,0
82,10,14,3,0,1
7,2,4,1,0,0
74,8,10,6,1,1
7,5,8,3,0,0
33,21,22,4,0,0
23,20,0,3,0,1
85,10,14,4,0,0
19,15,17,3,0,1
19,18,19,5,1,1
36,4,8,1,0,0
29,13,16,5,1,1
60,16,17,0,0,0
82,2,3,1,0,0
2,3,4,6,1,0
1,15,19,3,0,0
47,15,17,2,0,0
69,20,22,0,0,1
20,3,6,2,0,0
11,18,22,5,1,0
2,16,17,6,1,0
67,12,15,1,0,0
87,21,0,6,1,0
12,22,0,0,0,0
20,23,0,5,1,0
5,0,1,3,0,0
37,11,15,2,0,0
38,3,7,3,0,0
94,10,14,4,0,1
9,4,7,6,1,0
98,1,2,0,0,0
53,16,18,2,0,0
44,7,10,1,0,1
99,5,8,1,0,0
86,20,22,1,0,1
24,8,10,5,1,1
81,12,16,1,0,1
74,10,12,2,0,0
30,15,17,6,1,0
59,15,17,6,1,0
87,1,3,6,1,0
96,9,13,5,1,1
81,11,14,4,0,0
81,7,8,1,0,0
14,10,11,6,1,1
9,9,12,1,0,1
40,12,13,5,1,1
66,16,17,1,0,0
25,6,9,4,0,0
73,23,0,5,1,0
22,2,3,5,1,1
4,19,22,0,0,1
26,12,13,5,1,0
58,18,20,1,0,1
29,6,9,5,1,1
98,8,12,1,0,0
87,18,19,1,0,0
37,12,16,6,1,1
75,21,22,5,1,0
70,7,9,0,0,0
18,21,0,1,0,0
85,17,21,6,1,1
42,22,1,0,0,0
100,1,5,0,0,0
41,17,18,5,1,0
38,17,19,3,0,1
34,10,14,6,1,1
17,0,4,3,0,0
37,13,15,1,0,0
25,15,17,2,0,0
76,10,12,3,0,1
87,0,2,6,1,1
86,6,8,5,1,0
85,15,18,6,1,0
27,13,14,5,1,1
57,14,15,3,0,0
31,13,17,2,0,0
6,20,22,4,0,1
91,10,13,1,0,1
40,15,18,6,1,0
98,18,22,4,0,0
12,16,18,4,0,1
53,5,6,0,0,0
71,10,12,0,0,1
10,16,19,1,0,0
45,8,10,2,0,1
17,17,18,0,0,1
26,16,17,6,1,1
85,11,15,6,1,1
92,22,1,3,0,0
62,21,23,6,1,0
46,21,23,1,0,0
64,4,8,5,1,0
2,10,14,4,0,1
54,3,7,6,1,0
65,3,6,1,0,0
51,2,4,5,1,0
53,23,3,5,1,1
36,22,1,0,0,0
26,16,18,5,1,0
29,6,7,2,0,0
21,3,7,5,1,0
11,22,1,5,1,0
40,12,14,4,0,0
11,11,13,2,0,1
36,0,4,1,0,0
59,20,0,2,0,1
39,18,20,2,0,1
99,20,23,1,0,0
54,19,20,4,0,1
98,17,19,6,1,1
55,10,13,5,1,1
24,19,23,2,0,0
22,2,4,2,0,0
69,16,20,6,1,0
56,11,12,1,0,0
33,9,13,3,0,0
36,7,8,6,1,1
20,14,18,2,0,0
83,4,8,0,0,0
99,3,4,5,1,0
81,20,0,5,1,1
62,19,22,6,1,1
98,18,22,4,0,1
73,20,22,6,1,1
26,3,7,2,0,0
66,14,17,1,0,0
73,16,18,0,0,0
73,11,14,6,1,0
40,2,4,1,0,1
17,9,13,6,1,1
1,14,17,2,0,0
89,9,13,0,0,0
61,23,1,4,0,0
43,22,1,4,0,0
42,17,18,6,1,0
25,0,3,4,0,0
39,2,6,3,0,0
35,20,21,1,0,0
3,11,12,2,0,0
44,0,2,0,0,0
51,2,3,6,1,0
94,2,3,6,1,1
98,4,6,5,1,0
12,18,21,5,1,1
19,0,4,1,0,0
44,3,6,2,0,0
59,3,4,3,0,0
49,16,20,2,0,0
61,13,16,1,0,0
17,17,21,2,0,1
74,0,1,5,1,0
57,21,0,5,1,0
55,15,19,0,0,0
47,2,6,3,0,0
12,22,1,5,1,1
62,20,23,0,0,1
80,8,9,3,0,1
88,22,0,5,1,0
83,3,7,3,0,0
8,20,23,2,0,1
95,4,7,0,0,0
21,10,13,3,0,1
81,20,0,6,1,1
87,8,9,3,0,0
80,2,4,2,0,1
70,5,9,5,1,1
72,23,0,5,1,1
25,10,14,6,1,1
82,8,12,1,0,1
89,14,17,1,0,0
12,22,23,5,1,1
15,2,5,6,1,0
59,0,3,4,0,0
26,19,20,4,0,1
26,21,0,6,1,0
47,18,21,3,0,0
32,13,15,5,1,0
10,16,17,1,0,0
16,21,22,3,0,0
71,13,16,0,0,0
17,16,19,6,1,1
23,13,14,6,1,0
26,11,12,1,0,0
85,15,19,1,0,0
86,0,1,1,0,0
7,12,16,6,1,1
14,5,8,4,0,0
79,16,18,2,0,0
7,11,13,2,0,0
9,22,2,6,1,0
48,18,21,4,0,0
72,5,8,5,1,0
59,6,9,5,1,0
87,0,1,6,1,1
93,0,3,6,1,1
82,4,5,4,0,0
95,5,9,4,0,0
94,15,17,5,1,1
39,15,19,2,0,0
99,13,16,3,0,0
18,0,3,4,0,0
59,12,16,3,0,0
17,19,20,3,0,0
14,9,10,0,0,0
31,23,0,2,0,0
24,9,11,6,1,1
99,8,10,3,0,0
60,12,15,6,1,0
45,2,6,6,1,0
98,17,21,2,0,0
3,19,22,2,0,1
37,1,2,0,0,0
43,16,18,6,1,1
40,18,22,5,1,0
90,22,1,2,0,0
55,12,13,3,0,0
87,12,13,5,1,0
39,0,2,5,1,1
15,1,3,1,0,1
4,0,3,3,0,0
93,23,2,3,0,0
86,4,5,2,0,0
25,23,0,3,0,0
13,2,6,6,1,0
82,6,7,1,0,0
33,23,2,2,0,0
16,21,23,4,0,0
42,12,15,3,0,0
66,22,2,3,0,0
55,17,21,0,0,1
99,23,1,4,0,0
42,20,23,4,0,0
34,6,10,6,1,1
30,0,3,1,0,0
13,4,8,6,1,0
13,16,18,4,0,0
18,7,11,6,1,0
32,14,17,6,1,0
96,19,22,0,0,1
99,3,7,1,0,0
39,1,2,6,1,1
46,4,6,6,1,0
29,0,2,4,0,0
62,4,8,1,0,0
93,5,9,4,0,0
62,1,2,4,0,0
57,0,2,6,1,0
16,3,4,5,1,0
56,6,8,4,0,1
10,21,1,6,1,0
30,0,2,3,0,0
25,0,2,4,0,0
84,7,9,3,0,0
5,19,20,2,0,1
65,15,16,5,1,0
94,20,22,0,0,0
49,12,15,1,0,0
3,22,23,1,0,0
45,23,3,2,0,0
14,22,2,4,0,0
30,17,19,0,0,0
68,19,23,2,0,1
18,9,10,2,0,0
62,11,14,1,0,1
37,0,3,3,0,1
25,9,12,3,0,1
48,8,12,4,0,1
65,2,4,4,0,0
53,18,22,6,1,1
79,8,10,6,1,1
73,9,12,2,0,1
15,18,19,4,0,1
49,15,19,3,0,0
88,23,0,0,0,0
68,17,20,1,0,1
12,13,15,3,0,1
59,2,3,6,1,0
37,1,5,5,1,0
61,0,1,4,0,0
43,17,18,1,0,1
70,23,3,5,1,0
39,8,10,1,0,1
56,12,16,2,0,0
63,1,4,4,0,0
46,6,8,2,0,0
88,15,16,1,0,0
11,20,0,2,0,1
62,18,21,4,0,0
77,14,18,3,0,0
98,21,23,0,0,0
25,10,13,5,1,1
71,0,1,3,0,0
52,20,22,1,0,1
4,6,9,3,0,1
59,19,21,2,0,0
72,7,8,4,0,0
20,9,12,3,0,1
93,4,8,3,0,0
63,8,12,4,0,0
54,0,1,2,0,0
74,1,4,0,0,0
98,18,19,3,0,1
57,13,14,5,1,0
90,19,21,1,0,0
41,9,13,6,1,1
3,8,9,2,0,1
6,9,11,2,0,0
5,5,6,3,0,0
5,16,17,5,1,1
54,5,6,6,1,0
47,3,7,4,0,0
87,19,22,6,1,1
49,2,6,3,0,0
9,22,0,3,0,0
99,18,21,4,0,1
20,17,19,1,0,0
61,23,0,4,0,0
35,3,6,3,0,1
50,7,9,0,0,0
82,16,17,4,0,1
62,4,6,1,0,0
17,12,14,4,0,0
88,0,4,4,0,0
3,12,13,2,0,0
32,3,7,2,0,0
99,21,0,3,0,0
13,23,0,3,0,0
89,13,17,6,1,0
73,2,6,4,0,0
68,4,7,0,0,0
14,6,8,5,1,0
98,0,2,3,0,0
11,22,0,4,0,0
56,11,14,4,0,0
67,10,14,5,1,1
92,23,0,4,0,0
29,7,10,5,1,0
9,5,7,5,1,0
67,21,23,6,1,0
25,1,2,4,0,0
98,18,21,6,1,0
76,19,21,4,0,1
42,19,22,2,0,0
9,23,3,5,1,0
79,13,16,1,0,0
40,0,4,5,1,1
25,9,10,1,0,1
5,15,19,4,0,0
11,3,7,3,0,0
59,10,11,0,0,1
98,15,17,6,1,0
88,19,20,4,0,0
79,0,3,0,0,0
38,15,16,2,0,1
72,18,21,1,0,0
5,20,22,6,1,1
48,21,0,2,0,0
90,8,9,3,0,0
18,8,9,3,0,1
70,8,10,5,1,1
37,16,17,6,1,1
60,11,13,6,1,1
48,12,14,6,1,0
77,7,8,4,0,1
28,15,19,5,1,1
69,17,20,3,0,0
77,0,4,3,0,0
81,0,2,5,1,0
40,11,14,2,0,0
45,5,9,0,0,0
96,8,9,1,0,1
62,22,2,3,0,0
93,4,7,5,1,0
58,15,18,3,0,0
67,17,20,2,0,0
56,16,19,6,1,0
40,17,21,6,1,1
98,0,1,1,0,0
40,18,19,6,1,1
91,21,0,6,1,0
77,7,8,2,0,0
33,2,6,0,0,0
6,4,5,2,0,0
88,22,0,1,0,0
19,7,8,6,1,1
80,18,21,1,0,0
40,17,18,3,0,0
92,17,18,0,0,0
97,20,21,4,0,1
59,0,1,3,0,0
59,14,16,6,1,0
48,17,21,5,1,0
41,6,9,2,0,1
13,15,18,2,0,0
45,15,16,1,0,0
89,14,18,5,1,1
53,5,6,1,0,0
42,8,10,5,1,1
100,6,10,1,0,0
63,13,17,4,0,1
27,10,14,4,0,1
38,20,0,3,0,1
60,15,16,4,0,0
7,5,7,5,1,0
5,21,1,1,0,0
45,15,18,5,1,0
58,19,22,3,0,1
31,15,17,3,0,0
23,11,14,6,1,0
42,16,17,0,0,0
10,4,5,4,0,0
32,12,14,2,0,1
53,7,11,2,0,1
30,23,2,0,0,0
39,4,7,1,0,0
31,11,13,0,0,1
82,8,10,1,0,0
100,2,5,4,0,0
2,2,6,4,0,0
78,0,2,3,0,0
77,21,22,3,0,1
93,17,20,3,0,0
12,23,1,3,0,0
39,11,13,2,0,0
66,8,10,6,1,1
96,8,11,3,0,1
13,17,18,3,0,1
46,17,18,3,0,1
27,6,9,1,0,0
17,3,5,5,1,0
95,12,15,3,0,0
98,16,19,0,0,0
60,23,1,3,0,0
64,1,4,3,0,0
88,13,17,2,0,1
35,2,3,5,1,0
70,4,8,3,0,0
83,13,17,5,1,1
30,2,6,1,0,0
71,22,1,4,0,0
74,6,8,5,1,0
96,17,20,5,1,1
98,12,13,3,0,0
63,22,1,6,1,0
28,21,0,3,0,0
60,9,12,3,0,1
79,12,15,2,0,0
94,15,19,6,1,0
37,8,10,4,0,1
93,1,2,2,0,0
22,22,23,2,0,0
68,4,5,2,0,1
20,21,0,6,1,1
96,16,17,1,0,0
100,22,2,4,0,0
68,21,23,1,0,1
91,3,6,1,0,0
64,16,19,4,0,0
17,8,12,1,0,0
12,19,20,6,1,1
22,1,4,4,0,0
17,23,2,5,1,0
10,17,21,5,1,1
65,20,0,3,0,1
22,21,22,2,0,0
90,10,12,5,1,1
82,12,14,5,1,0
50,7,8,1,0,0
14,0,2,4,0,0
64,16,20,0,0,0
47,11,15,1,0,0
29,3,7,1,0,0
76,20,22,6,1,1
36,12,14,4,0,0
99,8,11,0,0,0
52,6,9,0,0,0
76,22,1,3,0,1
7,23,1,1,0,0
29,4,7,6,1,1
11,4,8,2,0,0
33,16,18,5,1,0
6,8,9,1,0,0
79,5,7,2,0,0
32,18,21,2,0,0
51,15,17,4,0,0
75,20,23,1,0,1
58,1,4,4,0,0
87,9,10,3,0,1
26,15,16,2,0,0
98,4,8,0,0,0
46,14,17,2,0,1
98,12,14,3,0,0
29,12,13,2,0,0
4,12,13,4,0,0
81,14,17,1,0,0
99,13,15,0,0,0
13,7,8,4,0,1
39,10,11,5,1,1
15,17,19,1,0,1
29,23,0,0,0,0
29,3,5,3,0,0
75,9,12,2,0,1
32,0,1,0,0,0
2,4,7,6,1,0
47,12,14,5,1,1
78,0,3,3,0,0
84,22,1,1,0,0
22,7,10,6,1,0
75,2,6,0,0,0
27,2,4,3,0,1
67,6,8,1,0,0
81,3,5,6,1,0
56,2,4,6,1,0
92,14,16,4,0,0
93,7,8,2,0,0
21,2,3,3,0,1
47,6,7,6,1,0
80,17,20,4,0,0
59,10,13,5,1,1
84,10,12,5,1,1
6,16,20,1,0,1
19,5,7,6,1,0
57,7,8,6,1,1
69,0,2,0,0,0
3,9,12,6,1,1
1,18,20,2,0,1
58,2,3,1,0,0
38,3,5,3,0,0
15,10,13,6,1,0
34,14,18,2,0,0
61,0,1,6,1,0
35,8,10,4,0,1
64,10,13,2,0,1
25,18,19,4,0,1
24,12,13,1,0,0
12,15,18,6,1,0
18,3,5,0,0,0
15,0,2,5,1,0
80,19,21,2,0,0
27,12,13,0,0,1
72,0,4,0,0,0
60,4,5,5,1,0
46,4,6,2,0,0
89,13,14,6,1,1
17,22,2,2,0,0
93,13,14,0,0,1
53,7,10,3,0,0
8,3,5,3,0,0
79,6,8,2,0,0
27,19,21,0,0,1
46,18,19,0,0,1
50,14,15,1,0,1
71,21,22,0,0,0
3,3,5,5,1,0
93,18,19,3,0,1
64,8,10,1,0,1
44,20,21,6,1,1
53,12,14,5,1,0
24,13,16,6,1,1
60,22,23,3,0,0
3,13,15,5,1,1
20,21,0,4,0,0
46,9,12,2,0,1
15,15,19,4,0,1
25,4,5,2,0,0
94,22,0,3,0,0
78,5,9,3,0,0
71,1,2,4,0,0
17,12,15,5,1,1
84,12,13,6,1,0
100,18,20,2,0,1
9,17,20,2,0,0
38,18,22,1,0,1
48,0,1,0,0,0
60,7,8,5,1,0
63,21,1,5,1,1
86,15,16,1,0,0
2,1,2,3,0,0
88,7,8,4,0,1
72,5,8,5,1,0
11,15,18,2,0,1
64,22,0,1,0,0
77,10,11,4,0,0
81,16,18,6,1,0
72,22,1,4,0,0
21,18,19,5,1,0
18,10,12,0,0,0
94,7,8,2,0,1
64,21,22,4,0,0
82,3,7,6,1,0
95,10,12,2,0,0
38,7,10,5,1,1
32,8,10,1,0,0
11,1,3,6,1,1
45,15,17,4,0,0
89,5,9,6,1,0
33,20,21,5,1,1
41,20,23,4,0,1
8,18,22,6,1,0
11,7,10,1,0,0
86,13,17,6,1,1
51,23,0,2,0,0
88,15,18,2,0,0
41,11,13,4,0,0
17,4,8,5,1,1
76,23,2,1,0,0
46,23,0,3,0,0
32,18,21,2,0,1
79,17,21,6,1,1
80,8,9,3,0,0
54,1,3,6,1,1
86,19,23,4,0,0
92,11,15,3,0,0
20,1,2,5,1,1
33,9,13,6,1,0
74,0,3,5,1,0
40,3,5,6,1,0
32,11,14,3,0,0
97,8,9,5,1,1
2,3,7,2,0,0
97,8,10,4,0,1
33,5,6,3,0,0
77,0,3,6,1,1
30,9,13,2,0,0
33,13,17,6,1,1
77,21,22,3,0,0
26,17,20,6,1,0
22,5,9,2,0,0
66,17,20,5,1,0
38,19,21,5,1,1
90,15,19,4,0,0
46,14,16,6,1,0
15,15,19,5,1,1
98,7,8,1,0,0
44,12,16,2,0,0
49,22,2,2,0,0
75,10,13,3,0,1
61,6,9,4,0,0
67,16,18,0,0,0
6,17,19,5,1,1
9,21,23,0,0,0
6,22,2,1,0,0
73,18,22,4,0,1
95,12,14,2,0,0
32,14,15,0,0,0
41,22,23,1,0,0
76,21,1,4,0,0
8,21,22,1,0,0
72,0,1,5,1,0
50,15,17,0,0,0
92,4,5,3,0,0
62,2,3,3,0,0
84,22,2,4,0,0
62,9,13,1,0,1
7,18,22,2,0,0
75,4,5,0,0,0
84,6,8,3,0,0
80,13,16,3,0,0
4,2,6,1,0,0
6,12,16,3,0,0
58,12,16,6,1,0
22,9,11,1,0,1
26,1,4,0,0,0
3,5,8,1,0,0
41,7,11,3,0,0
60,3,4,1,0,0
14,11,15,3,0,0
75,14,18,5,1,1
82,7,8,4,0,0
12,6,7,3,0,0
87,13,17,6,1,0
12,22,0,6,1,1
13,18,20,6,1,1
25,13,14,6,1,1
45,21,1,3,0,0
19,12,14,3,0,0
55,20,0,4,0,0
100,0,4,5,1,0
45,18,22,2,0,0
8,0,2,3,0,0
93,3,6,2,0,0
53,9,13,0,0,1
55,2,4,5,1,0
32,19,22,1,0,0
51,8,9,2,0,0
44,2,4,6,1,1
82,5,8,5,1,0
70,5,7,0,0,0
18,22,1,5,1,1
83,11,14,1,0,0
22,22,0,3,0,0
37,0,1,3,0,0
96,15,19,6,1,1
56,23,2,3,0,0
59,4,8,4,0,0
3,8,9,4,0,1
28,9,13,4,0,0
74,12,16,6,1,0
35,14,16,4,0,0
61,11,13,0,0,1
93,4,5,6,1,0
54,4,6,5,1,1
63,17,20,0,0,1
79,11,12,3,0,1
97,2,4,1,0,0
7,6,8,4,0,0
76,16,17,5,1,0
49,18,21,1,0,0
94,17,18,6,1,1
85,0,2,6,1,0
31,23,1,0,0,0
58,4,5,4,0,0
61,1,4,6,1,0
24,0,3,0,0,0
20,6,10,0,0,0
37,10,13,2,0,1
4,10,11,5,1,1
92,17,20,0,0,0
20,16,19,3,0,0
60,1,5,6,1,0
24,6,9,0,0,0
50,6,10,4,0,1
49,9,13,6,1,1
51,21,0,6,1,0
96,20,22,3,0,1
36,2,3,0,0,0
98,11,12,3,0,1
100,2,5,0,0,0
66,10,11,5,1,0
79,11,12,3,0,0
34,3,7,1,0,0
36,15,17,2,0,0
6,19,20,3,0,1
39,17,19,4,0,0
42,3,4,2,0,0
58,21,23,2,0,0
12,5,7,0,0,1
3,20,21,3,0,1
18,14,18,5,1,1
40,0,2,6,1,0
21,2,4,2,0,0
15,4,5,4,0,1
97,21,23,5,1,0
99,16,18,5,1,1
26,13,17,4,0,0
8,8,10,6,1,1
100,2,6,4,0,0
94,12,14,0,0,1
87,2,4,1,0,0
42,10,14,6,1,1
44,1,5,3,0,0
14,23,2,2,0,0
78,14,16,3,0,0
2,12,16,5,1,0
37,18,20,2,0,0
69,21,23,6,1,0
38,15,17,0,0,0
41,17,18,3,0,1
62,6,9,0,0,0
60,12,13,0,0,0
14,3,6,6,1,1
89,8,10,3,0,1
84,9,11,3,0,0
2,8,12,6,1,1
70,6,9,6,1,1
17,14,17,2,0,0
89,7,8,5,1,0
28,18,21,5,1,0
66,10,12,6,1,1
35,4,8,4,0,0
5,1,2,0,0,0
65,9,13,5,1,1
40,15,18,1,0,0
76,22,1,6,1,0
56,12,13,6,1,1
36,7,10,2,0,0
45,8,12,6,1,1
23,10,12,2,0,1
47,10,11,4,0,1
31,22,1,4,0,0
11,15,19,6,1,0
10,9,11,0,0,0
67,23,2,2,0,0
14,11,12,2,0,0
80,5,8,1,0,0
74,11,14,0,0,0
93,9,12,0,0,1
10,17,19,5,1,1
76,17,19,4,0,0
94,3,6,5,1,0
1,8,11,0,0,1
5,6,7,6,1,1
20,17,20,1,0,1
8,7,11,6,1,1
43,10,14,6,1,1
76,6,7,0,0,0
1,8,10,5,1,0
57,7,10,3,0,0
64,2,3,6,1,0
84,16,18,6,1,0
28,1,2,3,0,0
37,14,16,1,0,1
47,13,16,4,0,1
76,17,18,2,0,0
37,15,18,0,0,1
49,19,20,5,1,1
44,21,23,4,0,0
56,3,4,5,1,0
28,19,23,4,0,1
79,5,9,0,0,0
6,5,6,2,0,0
61,10,14,0,0,1
20,16,19,2,0,0
78,23,3,5,1,0
2,2,6,1,0,0
73,12,15,2,0,0
37,21,0,4,0,0
20,2,4,1,0,0
26,15,18,5,1,0
29,14,15,3,0,1
1,10,14,1,0,1
35,17,19,2,0,0
70,14,17,1,0,0
59,4,8,5,1,0
69,15,16,1,0,0
33,15,16,5,1,1
51,16,18,3,0,0
78,8,9,2,0,1
12,22,2,6,1,0
20,2,5,4,0,0
53,19,20,1,0,1
88,12,15,6,1,0
43,21,1,0,0,1
98,2,6,4,0,0
89,6,9,1,0,0
50,5,9,4,0,0
29,8,10,6,1,1
57,11,12,0,0,0
39,14,16,4,0,1
95,20,22,6,1,1
56,19,21,4,0,1
43,2,5,0,0,0
50,9,12,0,0,1
23,0,4,0,0,0
44,18,21,3,0,1
38,18,22,5,1,1
84,22,1,5,1,1
23,22,2,6,1,1
45,12,13,0,0,0
52,11,15,6,1,0
80,0,1,5,1,1
50,18,22,4,0,0
8,23,2,0,0,0
85,15,18,1,0,0
1,22,23,0,0,0
8,22,0,0,0,0
29,14,16,5,1,1
96,15,19,6,1,1
5,10,13,2,0,0
86,23,1,4,0,0
47,5,8,5,1,1
34,10,13,6,1,1
65,2,5,6,1,1
55,14,18,4,0,1
90,0,1,6,1,0
43,6,10,1,0,0
74,0,2,3,0,0
30,16,17,2,0,0
82,8,10,1,0,0
17,22,23,1,0,0
26,12,13,4,0,0
8,10,14,2,0,1
47,19,22,4,0,1
76,5,8,3,0,0
91,0,1,6,1,1
72,6,10,4,0,1
89,11,13,0,0,0
46,21,23,4,0,0
68,19,22,6,1,1
33,22,1,0,0,0
1,18,20,1,0,1
19,16,18,3,0,0
31,3,7,6,1,0
80,2,4,5,1,0
14,0,4,0,0,0
53,17,20,3,0,1
48,20,22,4,0,1
69,14,17,5,1,1
90,7,8,4,0,1
62,0,1,6,1,0
92,19,20,1,0,0
66,13,15,6,1,1
64,3,6,6,1,0
70,4,6,6,1,1
63,22,1,4,0,0
73,12,16,0,0,1
33,23,1,1,0,0
41,14,15,3,0,1
89,5,9,1,0,0
48,0,3,3,0,0
13,22,0,2,0,0
73,18,21,0,0,0
77,12,15,0,0,0
31,5,7,3,0,0
75,14,16,4,0,0
68,15,18,5,1,1
98,23,2,4,0,0
4,22,2,2,0,0
19,15,16,3,0,0
70,9,12,2,0,0
98,21,22,3,0,1
82,8,12,2,0,1
13,8,9,3,0,0
23,16,17,0,0,0
83,16,20,2,0,0
75,16,19,2,0,1
1,23,0,3,0,0
88,11,14,1,0,0
54,12,15,1,0,1
71,11,13,0,0,1
89,13,16,4,0,1
85,9,12,4,0,0
15,22,23,0,0,0
65,18,21,4,0,1
76,1,4,5,1,1
71,3,5,5,1,0
15,18,20,5,1,0
21,6,7,6,1,1
19,14,15,6,1,1
60,14,16,5,1,0
93,23,1,3,0,0
89,5,9,1,0,0
33,2,5,0,0,0
49,5,6,3,0,0
96,15,16,5,1,0
35,1,4,0,0,0
44,6,9,1,0,0
90,10,11,4,0,1
11,6,8,3,0,0
99,3,5,1,0,0
72,23,2,0,0,0
78,19,20,2,0,1
74,6,9,3,0,0
66,3,5,6,1,1
46,11,15,0,0,1
9,4,8,0,0,0
3,22,0,6,1,0
85,18,21,1,0,0
26,4,8,0,0,0
72,18,20,3,0,0
48,20,21,5,1,1
66,2,5,6,1,0
70,10,13,3,0,1
28,6,10,6,1,1
93,16,19,0,0,1
26,8,12,1,0,1
25,20,0,3,0,1
12,8,10,2,0,1
5,9,13,5,1,1
98,12,13,6,1,1
48,14,17,4,0,0
37,21,1,1,0,0
79,4,7,1,0,0
44,2,6,4,0,0
100,7,9,4,0,0
15,19,20,3,0,1
43,9,12,0,0,0
48,12,14,0,0,0
87,2,5,2,0,0
70,21,23,5,1,1
46,7,8,6,1,0
43,8,12,0,0,1
21,21,23,2,0,1
23,20,23,2,0,1
80,11,14,1,0,0
47,10,12,1,0,1
15,1,2,5,1,0
25,17,18,3,0,1
36,8,12,4,0,1
75,1,5,4,0,0
51,1,4,5,1,0
15,2,5,2,0,0
68,15,19,5,1,1
21,18,22,4,0,1
13,3,7,2,0,0
86,22,0,4,0,0
19,17,21,3,0,1
34,19,21,1,0,1
78,17,19,1,0,0
68,9,13,2,0,1
52,10,11,5,1,1
27,16,17,4,0,1
29,23,2,0,0,0
28,22,2,3,0,0
35,23,2,4,0,0
8,19,23,6,1,1
16,15,18,0,0,0
36,19,21,3,0,1
30,12,16,3,0,0
18,1,2,1,0,0
2,23,3,2,0,0
49,1,4,4,0,0
77,13,16,3,0,1
4,3,6,4,0,0
90,16,19,3,0,0
89,12,15,5,1,1
94,3,6,1,0,0
75,2,3,2,0,0
7,11,14,0,0,1
95,21,22,0,0,1
74,22,2,5,1,1
39,7,9,6,1,0
13,1,2,1,0,0
31,5,9,3,0,0
71,21,23,1,0,0
63,9,10,2,0,1
56,11,12,0,0,0
42,20,0,4,0,0
61,9,12,0,0,0
42,9,10,6,1,1
56,22,23,6,1,0
36,2,6,6,1,1
84,19,22,6,1,1
68,9,11,2,0,1
7,8,11,3,0,1
54,19,22,1,0,1
1,18,22,0,0,0
44,13,16,6,1,1
45,1,5,0,0,0
47,4,6,6,1,0
13,19,20,4,0,0
22,7,8,1,0,0
21,6,10,4,0,1
86,5,9,4,0,0
92,10,13,6,1,1
9,11,14,3,0,0
26,17,18,0,0,0
9,18,19,5,1,1
15,9,10,1,0,1
10,20,0,3,0,1
88,13,15,5,1,0
42,2,4,3,0,0
72,17,21,6,1,1
24,23,2,6,1,0
80,14,16,3,0,0
49,5,8,2,0,0
26,9,10,2,0,1
91,11,12,3,0,0
37,6,9,2,0,0
68,16,17,1,0,0
50,0,4,0,0,0
24,17,20,5,1,1
19,14,17,6,1,0
100,18,21,1,0,1
60,0,2,0,0,0
39,4,7,2,0,0
74,14,17,5,1,1
89,2,5,1,0,0
18,0,2,4,0,0
19,7,8,6,1,1
36,11,13,3,0,0
74,21,1,6,1,0
97,18,21,0,0,1
55,11,15,0,0,1
69,12,14,4,0,0
47,0,1,4,0,0
49,18,19,3,0,0
99,5,8,2,0,0
98,7,8,6,1,0
33,3,5,1,0,0
21,4,6,1,0,0
81,21,22,1,0,0
22,6,9,2,0,0
48,22,1,6,1,0
37,3,5,6,1,1
15,19,20,3,0,0
35,3,5,1,0,0
92,14,16,0,0,0
71,20,0,0,0,1
32,4,6,0,0,0
11,23,2,4,0,1
10,8,9,4,0,0
73,1,2,2,0,0
78,6,10,1,0,0
77,16,20,4,0,0
57,15,18,0,0,0
25,16,20,4,0,1
2,19,21,6,1,1
64,22,0,0,0,1
35,1,4,1,0,0
7,10,11,6,1,0
85,1,4,2,0,0
18,0,4,3,0,0
67,1,2,3,0,0
42,22,23,6,1,0
39,8,9,0,0,1
41,21,1,4,0,0
75,1,3,4,0,0
24,14,16,0,0,0
60,9,13,1,0,0
46,14,18,6,1,1
19,9,12,0,0,0
68,22,1,1,0,0
90,16,18,2,0,0
42,8,12,2,0,1
32,17,20,6,1,1
39,3,7,0,0,0
36,8,12,2,0,0
97,15,17,4,0,1
36,3,5,1,0,0
3,15,19,3,0,0
73,18,19,3,0,1
8,0,1,2,0,0
97,22,2,1,0,0
70,5,7,4,0,0
41,9,10,3,0,0
68,15,17,4,0,0
13,3,4,4,0,0
49,21,1,3,0,0
60,21,0,3,0,0
2,12,15,2,0,0
60,15,17,6,1,0
5,19,21,1,0,1
44,5,6,0,0,0
27,10,14,1,0,1
32,23,0,0,0,0
21,2,6,3,0,0
8,19,23,4,0,0
72,9,11,1,0,0
50,0,3,4,0,0
67,19,22,1,0,0
44,10,12,6,1,1
58,11,14,5,1,0
3,13,15,1,0,0
86,7,8,4,0,0
70,10,14,5,1,1
2,3,6,2,0,0
87,6,9,6,1,0
44,9,10,3,0,1
2,18,19,2,0,0
81,3,6,2,0,1
35,1,4,1,0,0
98,20,22,3,0,1
87,17,19,6,1,1
30,13,16,5,1,1
8,15,17,1,0,0
22,21,22,0,0,0
44,10,14,1,0,0
58,9,11,5,1,1
36,16,20,4,0,0
69,13,15,6,1,0
77,21,0,6,1,1
93,3,5,1,0,0
31,18,22,0,0,0
47,1,5,1,0,0
55,6,9,5,1,1
80,8,12,6,1,1
62,18,21,0,0,0
30,15,18,3,0,1
55,21,1,5,1,0
16,15,16,6,1,1
12,17,21,1,0,1
17,22,2,6,1,0
16,20,22,0,0,1
12,20,0,5,1,1
8,10,12,3,0,0
84,6,8,4,0,0
3,8,12,2,0,1
16,3,6,0,0,0
30,12,13,4,0,0
23,3,7,3,0,0
92,18,22,4,0,1
5,1,4,1,0,0
84,8,10,2,0,0
65,11,14,0,0,0
30,1,4,5,1,1
21,5,7,6,1,0
84,4,8,3,0,0
70,4,7,2,0,0
22,19,22,3,0,0
82,21,1,6,1,0
72,4,8,4,0,0
32,3,4,3,0,0
33,8,11,3,0,1
16,21,22,4,0,1
76,9,11,4,0,0
38,15,19,6,1,0
98,9,13,2,0,1
14,9,10,0,0,1
36,18,21,4,0,0
97,9,11,2,0,1
23,5,8,6,1,0
66,16,19,3,0,0
85,4,5,3,0,0
2,5,8,5,1,1
91,23,0,1,0,1
73,14,18,4,0,1
65,18,22,6,1,1
75,17,21,2,0,1
67,3,5,5,1,0
52,7,9,2,0,0
62,15,18,0,0,0
23,23,0,5,1,0
26,18,21,6,1,0
68,19,23,2,0,0
82,2,5,4,0,0
55,9,12,2,0,1
6,1,4,1,0,0
35,3,7,3,0,0
22,5,6,3,0,0
43,10,13,5,1,1
15,13,17,2,0,1
86,15,17,2,0,1
60,20,21,2,0,1
12,18,22,2,0,0
49,1,4,1,0,0
42,16,20,4,0,0
38,8,9,1,0,1
82,16,19,6,1,1
45,14,16,6,1,0
35,6,8,1,0,0
30,21,23,1,0,0
88,22,2,3,0,0
30,18,19,6,1,1
78,2,4,1,0,0
6,0,3,2,0,0
67,3,6,1,0,0
80,17,20,2,0,1
7,7,11,5,1,0
52,18,19,6,1,0
14,22,23,4,0,0
73,22,0,3,0,0
15,5,6,4,0,0
21,0,3,5,1,1
35,7,10,4,0,0
66,0,4,3,0,0
91,18,21,2,0,0
2,10,11,5,1,1
35,20,23,5,1,1
82,23,1,2,0,0
78,14,18,2,0,0
20,22,2,3,0,0
82,10,11,6,1,1
10,18,21,1,0,0
25,20,23,6,1,1
66,9,10,0,0,0
25,23,0,1,0,0
54,11,13,6,1,0
33,0,1,1,0,0
36,23,2,4,0,1
95,6,8,0,0,0
14,16,20,2,0,1
65,9,12,1,0,1
80,5,9,6,1,1
54,16,20,3,0,1
52,17,21,1,0,0
3,4,7,2,0,0
99,17,21,6,1,0
41,16,19,1,0,0
6,21,1,5,1,1
25,15,16,4,0,0
13,7,8,4,0,0
98,23,2,1,0,0
8,12,16,4,0,0
21,23,3,3,0,0
98,15,19,0,0,0
68,10,11,1,0,1
25,5,9,3,0,0
79,2,6,5,1,0
68,0,3,3,0,0
45,17,21,3,0,1
60,4,5,5,1,1
12,12,16,2,0,0
32,9,10,1,0,0
96,4,5,1,0,0
92,13,15,1,0,0
13,16,17,0,0,0
31,0,2,3,0,0
78,1,3,1,0,0
20,6,10,4,0,1
18,9,11,2,0,1
93,19,22,5,1,1
60,6,7,5,1,0
63,23,2,0,0,0
6,15,17,6,1,0
32,4,8,5,1,1
93,11,12,2,0,1
43,16,19,6,1,0
2,15,19,3,0,0
60,19,21,5,1,1
23,15,19,6,1,0
83,18,21,6,1,1
31,14,18,5,1,0
5,11,14,4,0,0
83,20,0,3,0,1
34,9,10,1,0,1
10,21,1,2,0,1
89,1,2,5,1,0
2,6,9,4,0,0
11,12,13,2,0,1
50,2,6,6,1,0
31,14,15,0,0,1
56,0,3,4,0,0
79,2,6,6,1,1
73,9,10,0,0,1
87,14,15,5,1,0
83,21,23,4,0,0
9,5,6,1,0,0
99,19,21,6,1,0
21,14,17,2,0,0
73,23,1,2,0,0
28,20,23,6,1,0
62,6,7,6,1,0
7,20,21,3,0,1
80,4,6,4,0,0
16,3,6,4,0,0
97,21,22,6,1,0
4,17,19,0,0,0
4,2,4,4,0,0
40,16,18,2,0,0
17,17,18,4,0,1
52,17,20,3,0,1
93,23,0,3,0,0
52,23,3,6,1,0
36,1,5,2,0,0
38,12,13,2,0,0
50,21,0,2,0,0
63,14,16,4,0,0
63,4,8,4,0,0
62,2,6,1,0,0
99,4,5,5,1,1
7,4,8,6,1,0
27,4,8,5,1,0
92,2,4,0,0,0
86,2,4,4,0,0
14,19,22,1,0,1
71,22,2,1,0,0
86,17,20,3,0,0
5,19,22,4,0,1
55,3,5,1,0,0
2,0,2,3,0,0
62,15,16,0,0,0
91,7,9,3,0,0
21,16,19,0,0,1
79,7,11,5,1,0
21,6,9,5,1,1
10,7,10,2,0,0
87,20,23,2,0,0
58,23,1,6,1,1
39,11,14,3,0,0
5,15,16,6,1,1
65,11,15,2,0,0
13,18,20,4,0,1
85,9,12,3,0,0
90,6,7,1,0,0
85,11,15,4,0,0
53,19,22,6,1,0
82,4,8,3,0,0
45,15,17,6,1,1
32,8,10,5,1,1
36,6,7,0,0,0
81,19,21,6,1,1
99,21,22,2,0,1
60,13,16,2,0,0
11,10,14,2,0,0
63,6,8,3,0,0
21,9,13,4,0,1
52,8,12,0,0,1
55,3,6,2,0,1
26,15,18,4,0,0
68,9,11,6,1,1
34,18,21,1,0,0
52,23,3,5,1,0
82,16,17,1,0,1
99,8,9,0,0,1
93,12,13,2,0,0
52,0,2,1,0,0
29,1,4,5,1,0
38,12,15,4,0,0
42,23,2,4,0,0
21,8,11,1,0,0
42,6,10,6,1,1
13,15,16,6,1,0
64,18,22,2,0,1
17,6,8,5,1,0
9,5,6,0,0,0
41,17,18,2,0,0
1,18,22,3,0,1
2,10,12,1,0,0
60,11,13,3,0,0
48,9,10,1,0,1
29,12,15,0,0,1
97,11,13,2,0,0
10,20,0,5,1,1
58,9,11,6,1,0
60,19,20,6,1,1
21,17,20,2,0,1
28,3,5,1,0,0
75,23,0,6,1,1
34,4,6,4,0,0
8,4,7,3,0,0
59,11,15,5,1,0
86,2,3,5,1,0
72,7,8,6,1,0
49,21,0,2,0,0
79,1,2,2,0,0
17,17,20,1,0,1
60,8,9,4,0,0
87,12,15,3,0,1
88,6,8,4,0,0
45,9,11,5,1,1
83,8,10,4,0,1
69,21,22,6,1,0
32,14,17,1,0,1
44,4,7,4,0,0
65,11,15,3,0,0
87,0,2,5,1,0
8,11,15,0,0,0
77,21,23,5,1,0
72,5,9,0,0,0
87,18,20,3,0,1
43,18,21,5,1,1
1,15,17,5,1,0
51,18,19,5,1,1
24,2,4,5,1,0
99,22,0,1,0,0
24,9,12,2,0,0
17,17,18,5,1,1
5,12,15,1,0,0
20,17,21,3,0,1
21,2,6,5,1,0
58,22,23,4,0,0
31,2,6,5,1,1
100,22,23,6,1,1
11,11,13,5,1,0
52,19,23,0,0,1
15,6,8,4,0,0
83,23,2,5,1,0
7,7,11,5,1,0
28,8,11,5,1,1
51,13,16,1,0,0
58,4,5,3,0,0
5,20,23,0,0,0
5,18,19,5,1,1
94,20,21,3,0,0
96,15,16,0,0,1
8,23,0,0,0,0
64,11,12,6,1,0
10,20,22,0,0,0
38,3,4,5,1,1
96,7,11,1,0,0
92,6,7,5,1,0
81,14,16,5,1,1
95,5,9,3,0,0
8,4,8,2,0,0
25,13,15,2,0,1
73,20,0,6,1,0
66,12,14,2,0,0
79,9,12,3,0,0
50,17,20,4,0,1
67,3,4,6,1,0
49,7,8,3,0,1
36,23,0,0,0,0
68,10,11,5,1,1
78,16,18,4,0,0
41,17,20,0,0,0
89,20,22,6,1,1
62,10,14,5,1,1
10,15,19,5,1,1
21,11,15,6,1,1
36,12,16,0,0,0
12,15,19,3,0,0
91,22,1,2,0,0
2,20,22,4,0,0
13,0,4,6,1,0
53,15,16,6,1,1
32,14,17,5,1,1
95,5,6,1,0,0
16,11,14,5,1,0
32,7,10,2,0,0
32,6,7,5,1,0
98,1,2,1,0,0
11,11,15,6,1,1
10,20,21,3,0,1
15,13,15,5,1,0
17,15,18,4,0,0
40,10,13,3,0,1
18,19,23,1,0,0
55,8,11,0,0,0
73,9,10,5,1,1
25,16,19,6,1,1
59,11,14,6,1,0
78,5,6,3,0,0
89,18,19,5,1,1
22,10,13,4,0,0
30,8,10,5,1,1
84,20,21,3,0,0
85,5,7,2,0,0
44,23,1,3,0,0
32,15,19,1,0,1
51,19,21,3,0,0
46,15,19,6,1,0
21,5,7,4,0,0
99,4,8,3,0,0
32,20,21,3,0,0
94,3,6,4,0,0
39,1,4,3,0,0
12,5,9,6,1,1
47,8,9,4,0,1
18,16,20,6,1,1
21,13,17,6,1,0
13,6,7,6,1,0
21,21,23,1,0,0
8,18,20,4,0,1
46,0,1,1,0,0
7,19,23,1,0,1
23,14,17,4,0,0
96,17,21,3,0,1
75,2,4,5,1,1
86,17,18,2,0,0
22,1,2,5,1,0
89,9,10,6,1,1
22,10,12,4,0,0
92,23,3,3,0,0
29,2,3,1,0,0
13,6,9,0,0,0
82,7,8,2,0,0
2,18,22,5,1,0
29,17,19,3,0,0
85,12,15,6,1,1
79,12,15,2,0,0
52,23,0,6,1,1
27,18,22,0,0,1
50,22,23,0,0,0
95,11,14,0,0,1
79,16,17,5,1,1
23,21,1,6,1,1
88,11,13,4,0,0
44,12,15,2,0,1
77,11,15,4,0,1
22,18,19,6,1,1
43,13,16,0,0,1
37,6,7,3,0,1
61,12,13,0,0,0
97,5,7,4,0,0
56,23,0,0,0,0
3,18,19,6,1,1
63,18,22,0,0,0
19,3,4,4,0,0
23,18,20,4,0,0
29,8,9,6,1,1
30,15,16,3,0,0
39,3,4,4,0,0
25,5,8,6,1,0
8,7,9,3,0,1
58,23,2,1,0,0
16,15,17,6,1,0
72,4,6,1,0,0
1,20,0,4,0,0
5,21,0,0,0,0
3,9,11,2,0,1
65,22,0,0,0,0
4,12,16,4,0,0
99,13,16,3,0,0
96,6,7,6,1,0
64,19,23,0,0,0
98,5,7,1,0,0
89,6,9,5,1,0
10,4,6,4,0,0
21,20,0,0,0,1
46,17,21,5,1,1
91,22,1,0,0,0
27,11,15,3,0,0
66,5,9,3,0,0
41,0,1,3,0,0
13,3,5,5,1,0
9,18,19,2,0,1
36,11,12,5,1,0
86,14,17,4,0,0
90,2,6,4,0,1
58,22,0,1,0,0
54,19,21,1,0,0
12,7,9,4,0,0
81,10,14,0,0,0
78,15,17,4,0,0
14,8,10,6,1,0
34,2,6,2,0,0
53,4,7,1,0,0
20,19,21,1,0,1
75,13,17,6,1,1
16,14,15,6,1,1
95,5,9,5,1,1
70,3,4,6,1,0
56,7,11,1,0,0
83,18,20,4,0,0
58,4,7,1,0,0
4,12,15,6,1,0
4,15,17,6,1,1
20,0,1,6,1,0
10,12,16,1,0,0
24,21,23,6,1,0
99,10,14,5,1,0
26,20,22,4,0,1
37,7,9,0,0,1
85,7,11,6,1,1
54,23,2,1,0,0
21,13,16,1,0,0
74,12,13,6,1,0
38,2,6,1,0,0
46,3,4,6,1,0
4,19,21,2,0,0
60,14,15,4,0,0
57,14,16,6,1,1
45,20,0,1,0,0
20,12,16,2,0,0
17,8,12,0,0,0
71,9,13,0,0,1
4,11,12,5,1,0
93,13,15,6,1,1
14,0,3,5,1,0
3,13,17,5,1,0
88,13,17,2,0,1
80,7,9,0,0,0
58,15,18,5,1,1
55,13,17,3,0,1
4,0,3,5,1,0
24,15,19,0,0,1
34,17,18,3,0,1
30,6,7,2,0,0
82,14,17,6,1,0
19,23,1,6,1,1
31,16,18,3,0,0
60,18,19,0,0,1
60,22,0,1,0,0
19,12,14,3,0,0
49,8,10,0,0,1
63,23,2,5,1,0
83,23,2,1,0,0
22,14,16,2,0,0
24,2,3,6,1,0
76,23,1,2,0,0
30,0,4,4,0,0
58,15,16,2,0,0
31,7,10,4,0,0
100,22,2,2,0,0
64,12,14,2,0,0
19,7,9,2,0,1
48,16,17,4,0,0
45,21,22,5,1,0
100,22,0,4,0,0
94,13,15,3,0,0
55,20,21,0,0,1
55,20,0,0,0,0
97,6,9,5,1,1
18,14,15,0,0,0
63,15,19,2,0,1
92,18,20,5,1,1
47,5,8,0,0,0
75,22,2,4,0,0
57,0,3,3,0,0
45,11,14,1,0,0
33,17,20,3,0,1
17,15,19,0,0,0
70,11,15,5,1,1
4,19,21,6,1,1
20,12,15,0,0,1
47,7,8,4,0,0
91,21,22,3,0,1
15,0,1,6,1,0
70,20,0,4,0,0
47,6,8,4,0,0
78,14,18,1,0,0
75,21,0,4,0,0
9,12,13,6,1,1
90,12,16,4,0,1
16,8,9,1,0,1
69,23,3,2,0,0
61,14,15,6,1,0
10,3,6,2,0,0
50,12,13,6,1,1
3,11,14,5,1,0
77,4,7,1,0,1
94,6,10,5,1,0
70,7,11,5,1,1
81,4,8,4,0,0
51,8,11,5,1,0
19,13,15,0,0,1
42,11,13,6,1,1
35,3,6,3,0,0
46,19,22,0,0,1
26,7,11,0,0,0
69,16,20,4,0,0
93,7,11,3,0,0
64,20,22,5,1,1
37,0,2,3,0,0
84,19,22,5,1,1
49,1,3,2,0,0
21,3,7,1,0,0
74,23,3,4,0,0
64,20,0,5,1,1
5,0,4,5,1,1
100,6,10,3,0,1
70,0,1,4,0,0
90,8,11,6,1,0
4,2,5,5,1,0
39,11,13,2,0,1
35,18,22,0,0,0
1,14,15,5,1,0
24,21,1,3,0,0
57,15,19,6,1,1
100,9,11,2,0,1
70,21,22,4,0,0
41,5,6,5,1,1
54,16,19,2,0,0
46,20,0,2,0,0
60,21,22,6,1,0
60,23,2,2,0,0
57,16,17,2,0,0
31,20,0,6,1,1
84,18,21,6,1,1
24,17,18,6,1,1
89,10,12,2,0,1
36,23,0,2,0,0
85,6,10,1,0,0
30,9,11,4,0,1
24,6,7,0,0,0
30,4,5,4,0,0
86,11,14,3,0,0
92,15,19,3,0,0
7,20,21,6,1,0
35,17,18,4,0,1
55,2,3,2,0,0
92,19,23,1,0,1
14,14,16,0,0,1
10,4,8,5,1,1
80,12,15,5,1,0
16,18,21,2,0,1
54,11,15,4,0,0
95,22,23,5,1,0
89,20,21,4,0,1
77,4,6,1,0,0
70,5,9,1,0,0
44,6,10,6,1,1
73,9,10,4,0,1
45,15,18,6,1,1
100,7,10,2,0,0
56,8,10,6,1,0
84,3,5,2,0,0
82,20,23,2,0,0
57,20,0,5,1,0
21,7,9,0,0,0
68,6,7,0,0,0
50,14,18,2,0,0
33,20,21,4,0,0
91,2,4,1,0,0
7,16,19,6,1,1
70,10,12,3,0,0
15,8,11,1,0,0
82,4,8,1,0,0
32,9,11,3,0,1
75,14,16,2,0,1
20,13,15,1,0,1
88,3,7,3,0,0
15,20,21,6,1,1
48,19,20,5,1,1
71,1,4,4,0,0
21,11,13,4,0,0
42,0,1,4,0,0
26,23,3,2,0,0
14,19,21,1,0,1
57,4,7,1,0,0
37,5,6,0,0,1
58,23,3,4,0,0
21,10,14,2,0,0
82,7,10,3,0,0
69,6,7,2,0,0
3,3,5,1,0,0
87,5,9,6,1,0
90,15,18,6,1,1
37,19,23,6,1,1
88,14,18,4,0,1
49,13,14,0,0,0
19,22,23,5,1,1
89,11,13,2,0,1
85,11,15,0,0,0
12,15,18,6,1,1
61,14,18,1,0,1
41,12,15,3,0,1
33,10,14,2,0,1
50,16,19,5,1,0
68,20,0,1,0,0
71,14,18,4,0,1
86,13,15,2,0,1
33,9,10,0,0,0
81,11,12,6,1,0
24,15,18,2,0,0
61,14,18,1,0,0
61,9,13,1,0,1
98,3,4,6,1,0
28,22,1,0,0,0
58,8,10,5,1,1
43,20,22,1,0,1
41,19,21,2,0,1
39,8,12,6,1,1
86,20,23,5,1,0
49,23,0,0,0,0
17,19,23,1,0,1
98,10,14,6,1,1
70,10,12,1,0,0
70,6,9,2,0,0
98,20,23,1,0,0
65,9,11,6,1,1
74,3,5,2,0,0
85,4,6,4,0,0
5,4,8,6,1,0
2,10,14,5,1,0
22,8,12,2,0,1
57,15,16,3,0,0
66,8,9,1,0,1
74,21,0,4,0,0
98,3,5,5,1,1
16,1,3,0,0,0
51,13,17,3,0,1
39,2,3,0,0,0
86,17,19,6,1,1
76,20,23,3,0,1
88,5,7,4,0,0
40,10,14,5,1,0
38,20,0,4,0,0
60,17,18,4,0,1
59,11,14,3,0,0
10,4,7,2,0,0
99,8,10,5,1,1
64,19,22,0,0,1
63,17,19,2,0,1
49,18,20,2,0,0
64,2,3,1,0,0
32,8,11,6,1,1
7,3,7,0,0,0
21,16,18,3,0,1
20,16,18,6,1,0
26,22,0,1,0,0
68,22,1,1,0,0
86,1,4,6,1,1
15,8,11,4,0,0
85,8,10,3,0,0
79,4,8,2,0,0
86,14,18,5,1,0
92,14,17,2,0,1
14,2,6,2,0,0
27,18,20,4,0,1
40,2,5,2,0,0
58,5,8,0,0,0
28,3,5,2,0,0
26,23,2,2,0,0
63,12,14,0,0,0
66,12,15,4,0,1
25,10,14,1,0,0
3,4,7,3,0,0
72,0,3,4,0,0
44,8,11,2,0,1
97,16,17,1,0,0
42,21,1,3,0,1
99,0,2,3,0,0
6,2,3,3,0,0
39,14,18,0,0,1
52,20,23,0,0,0
23,22,1,1,0,0
89,9,11,2,0,0
50,7,9,6,1,1
43,11,15,1,0,0
19,21,1,2,0,0
69,14,16,4,0,1
51,8,12,6,1,1
11,23,1,3,0,0
12,9,12,3,0,1
74,19,21,0,0,1
8,8,9,6,1,0
24,14,16,4,0,1
92,22,0,5,1,1
41,20,21,4,0,1
36,20,21,2,0,0
85,0,1,4,0,0
72,1,2,6,1,0
55,18,20,6,1,1
9,13,17,0,0,1
47,7,8,2,0,0
15,5,8,1,0,0
48,11,13,2,0,0
82,14,18,1,0,1
42,13,16,5,1,1
60,20,22,2,0,1
84,0,2,3,0,0
70,10,13,5,1,1
12,2,3,1,0,0
2,18,19,0,0,1
7,17,20,5,1,1
80,19,23,5,1,1
3,1,2,5,1,0
3,6,8,1,0,0
27,7,9,1,0,0
40,18,22,2,0,1
33,21,23,3,0,0
92,14,15,5,1,1
1,9,13,2,0,0
8,21,22,2,0,0
32,0,4,3,0,0
48,5,8,2,0,0
4,12,14,3,0,0
94,13,17,0,0,0
70,2,5,3,0,0
19,10,11,4,0,0
32,2,5,3,0,0
9,18,19,3,0,1
12,9,13,6,1,1
11,14,18,4,0,1
46,10,12,3,0,1
16,14,16,1,0,0
1,23,3,6,1,0
63,12,13,2,0,0
21,4,5,2,0,0
30,3,7,0,0,0
13,12,13,0,0,1
34,8,12,4,0,1
4,16,18,1,0,0
28,1,2,0,0,0
95,23,1,2,0,0
59,4,7,0,0,0
27,15,17,0,0,0
69,6,9,3,0,0
25,0,2,0,0,0
3,11,13,4,0,0
97,20,21,2,0,1
68,10,12,4,0,1
25,11,15,6,1,0
20,18,19,4,0,1
34,11,12,5,1,0
26,11,12,1,0,0
5,13,15,6,1,1
99,1,2,6,1,0
61,1,4,5,1,1
92,3,6,5,1,0
93,19,21,3,0,0
9,22,23,4,0,0
50,15,19,1,0,0
6,9,13,2,0,0
83,12,15,2,0,0
60,1,3,1,0,0
44,2,4,6,1,0
11,18,20,4,0,0
66,5,7,4,0,0
47,18,20,3,0,0
73,20,21,3,0,0
85,19,20,5,1,1
88,18,19,2,0,0
98,7,11,3,0,0
86,13,14,1,0,0
3,9,11,2,0,0
76,2,4,6,1,0
92,5,9,6,1,1
30,14,18,4,0,1
90,22,1,2,0,0
21,22,2,0,0,0
28,17,20,2,0,1
90,13,14,3,0,0
62,18,20,1,0,0
33,9,12,4,0,0
85,14,17,4,0,0
35,3,6,3,0,0
52,22,2,3,0,0
34,1,5,3,0,0
41,2,6,0,0,0
51,6,9,1,0,0
47,22,23,0,0,0
82,15,17,3,0,0
58,9,13,1,0,0
75,18,19,6,1,1
57,16,20,6,1,1
23,18,22,3,0,0
48,4,7,1,0,0
22,22,1,4,0,0
17,19,23,0,0,1
69,12,14,5,1,1
11,12,16,3,0,0
94,10,12,3,0,0
15,10,11,2,0,0
91,15,19,5,1,0
35,14,16,4,0,0
33,16,17,3,0,0
84,21,22,0,0,1
16,17,20,4,0,1
34,18,19,3,0,0
66,3,6,0,0,0
99,21,22,2,0,0
40,21,22,2,0,0
28,22,0,6,1,0
47,4,6,0,0,0
39,6,9,4,0,1
70,1,5,0,0,0
73,0,2,5,1,0
20,11,12,0,0,0
1,9,12,2,0,1
72,7,10,2,0,0
87,0,3,2,0,0
63,11,12,5,1,0
67,1,3,3,0,0
4,9,13,6,1,1
58,21,0,5,1,0
25,16,17,3,0,0
47,2,4,5,1,0
38,6,8,1,0,0
15,11,15,3,0,0
63,7,10,4,0,0
21,19,20,4,0,0
99,11,13,6,1,0
57,2,3,2,0,0
53,16,18,5,1,1
46,8,11,0,0,0
14,9,12,2,0,0
100,21,1,6,1,0
76,5,7,0,0,0
17,0,1,5,1,0
39,21,23,2,0,1
9,11,12,2,0,0
99,4,8,4,0,0
77,12,14,0,0,0
79,14,17,1,0,0
82,21,22,1,0,0
97,10,13,2,0,1
6,7,11,5,1,1
91,4,8,2,0,0
23,1,2,6,1,1
59,11,13,4,0,0
91,1,4,6,1,0
98,15,18,0,0,0
46,20,21,6,1,1
38,2,3,2,0,0
14,9,10,6,1,1
100,18,22,5,1,1
72,7,11,1,0,1
62,6,9,0,0,0
35,0,2,2,0,0
19,11,12,0,0,1
30,4,8,4,0,0
78,15,17,6,1,0
84,3,4,1,0,0
25,16,18,5,1,0
40,23,0,0,0,0
88,20,22,1,0,1
14,1,4,6,1,1
26,11,12,2,0,0
87,0,1,5,1,0
22,11,14,5,1,1
48,11,12,3,0,0
83,11,12,0,0,0
51,18,22,1,0,1
3,16,19,0,0,0
42,19,23,2,0,0
19,23,2,2,0,0
73,23,1,6,1,0
28,10,13,5,1,1
84,12,15,5,1,1
45,7,11,1,0,1
71,9,10,4,0,1
78,7,10,0,0,0
63,19,20,0,0,1
73,7,10,2,0,0
19,8,12,0,0,0
47,6,9,1,0,1
14,13,15,3,0,0
38,1,4,5,1,1
53,10,13,2,0,1
61,7,8,5,1,1
36,12,13,5,1,1
40,20,22,5,1,0
81,14,17,3,0,1
30,2,3,0,0,0
9,22,1,4,0,0
64,13,17,5,1,1
33,14,18,1,0,0
52,1,3,5,1,1
89,18,22,5,1,0
14,11,12,0,0,1
75,19,20,6,1,1
53,3,5,1,0,0
99,2,5,0,0,0
59,4,5,5,1,0
78,2,6,6,1,0
94,14,15,0,0,1
41,18,20,0,0,0
68,1,5,2,0,0
68,11,15,3,0,0
92,4,8,6,1,1
8,21,23,4,0,0
2,16,18,6,1,1
86,13,16,3,0,1
41,21,0,3,0,0
55,9,12,1,0,1
16,2,4,2,0,0
93,3,7,2,0,0
62,5,9,0,0,0
48,23,0,3,0,0
30,21,0,6,1,1
12,15,19,4,0,1
35,6,10,1,0,0
11,14,18,6,1,0
64,20,0,2,0,1
50,19,21,0,0,1
85,10,13,4,0,1
21,21,1,3,0,0
69,20,0,6,1,0
48,0,4,4,0,1
20,4,8,2,0,0
67,12,13,1,0,1
44,20,0,6,1,1
33,13,17,3,0,0
73,8,12,1,0,0
61,16,17,5,1,1
9,14,16,4,0,0
68,20,21,4,0,1
35,6,10,0,0,0
81,21,23,3,0,0
98,21,1,4,0,1
88,11,13,2,0,0
96,22,2,5,1,1
65,5,9,2,0,0
8,20,22,1,0,0
45,15,17,5,1,1
87,4,8,5,1,0
47,8,9,2,0,0
40,13,14,4,0,0
76,7,8,2,0,0
54,13,14,3,0,1
76,11,13,1,0,0
46,9,11,6,1,1
47,19,20,5,1,1
15,19,22,3,0,0
19,20,23,4,0,1
26,12,15,4,0,1
52,18,22,2,0,0
93,14,15,0,0,0
22,7,11,5,1,0
21,22,0,5,1,0
51,20,22,0,0,0
38,9,12,4,0,0
20,2,5,4,0,0
29,20,22,6,1,0
51,2,5,6,1,0
4,4,7,5,1,0
55,15,17,6,1,1
71,16,20,6,1,1
92,5,8,1,0,0
28,19,23,5,1,1
4,19,22,4,0,1
22,15,16,4,0,0
76,23,3,6,1,0
45,1,5,1,0,0
67,19,22,6,1,0
86,14,18,6,1,1
66,17,18,3,0,1
88,0,2,3,0,0
34,18,19,1,0,1
91,11,13,1,0,0
55,7,8,3,0,0
1,5,6,3,0,0
72,11,15,3,0,0
87,6,7,3,0,1
38,17,20,5,1,0
6,21,0,5,1,1
86,13,16,6,1,1
25,7,10,2,0,0
82,23,3,6,1,0
17,19,22,1,0,1
61,21,22,0,0,1
12,13,16,2,0,0
6,4,8,0,0,1
90,8,10,0,0,1
27,7,8,4,0,0
8,1,2,1,0,0
83,15,19,5,1,1
65,12,14,2,0,0
57,6,9,6,1,0
93,15,17,1,0,0
99,6,7,3,0,0
40,13,14,1,0,1
14,13,14,0,0,1
35,11,13,5,1,1
48,0,3,3,0,0
84,0,1,1,0,0
56,11,15,1,0,0
49,19,22,5,1,1
13,20,21,0,0,0
61,14,17,6,1,1
49,3,7,3,0,0
46,6,8,0,0,0
62,15,16,5,1,1
8,2,6,1,0,0
43,6,7,6,1,0
20,23,0,2,0,0
97,21,23,2,0,1
90,5,7,4,0,1
39,15,18,2,0,1
85,23,3,5,1,0
49,7,11,5,1,0
64,22,0,5,1,0
62,21,22,3,0,0
54,5,8,4,0,0
9,9,11,3,0,0
88,15,18,6,1,1
37,10,13,2,0,1
49,12,16,6,1,1
41,5,8,2,0,0
17,23,3,1,0,1
88,0,1,3,0,0
21,20,21,0,0,1
51,18,20,6,1,1
59,11,12,1,0,0
39,23,3,3,0,0
55,5,8,5,1,0
41,17,20,4,0,0
39,12,13,6,1,1
13,6,10,3,0,0
64,22,1,4,0,0
11,12,13,6,1,1
19,20,0,4,0,0
11,7,11,6,1,0
77,20,23,2,0,1
46,16,18,0,0,0
45,8,10,6,1,1
1,19,23,3,0,0
40,12,16,0,0,0
19,1,2,4,0,0
76,3,7,2,0,0
72,1,2,6,1,0
72,3,4,0,0,1
61,17,18,1,0,0
12,4,8,4,0,0
61,18,22,1,0,1
33,9,10,5,1,0
45,17,20,0,0,1
90,20,0,0,0,0
92,9,11,0,0,1
69,4,7,5,1,0
8,16,18,3,0,0
25,21,1,4,0,0
91,12,15,4,0,1
46,22,2,6,1,1
87,16,20,6,1,1
30,8,11,6,1,1
47,23,3,4,0,1
87,11,14,3,0,0
49,13,17,0,0,0
47,13,14,0,0,0
84,7,9,5,1,1
82,22,23,1,0,0
18,4,8,3,0,0
66,18,22,2,0,1
68,13,17,3,0,0
94,8,9,5,1,1
33,6,10,1,0,0
36,7,10,1,0,0
82,13,15,6,1,1
19,21,1,6,1,0
28,13,17,1,0,1
40,10,12,0,0,0
84,13,15,2,0,0
97,20,22,1,0,0
76,7,8,4,0,1
15,2,3,0,0,0
41,22,2,2,0,0
39,17,19,4,0,1
2,2,6,2,0,0
63,12,16,5,1,1
29,11,15,2,0,0
74,14,15,4,0,0
66,17,19,3,0,0
51,4,8,2,0,0
75,6,7,3,0,0
77,10,13,2,0,0
10,10,13,5,1,1
14,14,18,4,0,0
82,9,13,2,0,0
51,14,16,1,0,0
73,12,14,5,1,1
39,13,17,1,0,0
28,16,17,5,1,1
3,12,16,5,1,1
84,9,11,6,1,1
70,0,2,2,0,0
27,0,1,4,0,0
2,14,18,6,1,0
93,15,17,4,0,0
38,11,15,0,0,1
3,23,1,4,0,0
16,5,8,3,0,0
94,5,8,2,0,0
40,11,14,1,0,0
2,14,16,4,0,0
81,3,4,1,0,0
41,23,2,0,0,0
12,3,5,2,0,0
35,1,5,4,0,0
65,23,2,6,1,0
55,11,12,1,0,1
45,6,7,6,1,1
79,19,20,5,1,1
90,8,12,6,1,1
85,8,12,4,0,1
62,7,8,0,0,0
49,13,14,6,1,0
95,0,1,5,1,1
25,22,2,1,0,0
23,20,0,1,0,1
24,22,0,2,0,0
38,11,14,6,1,0
28,1,5,6,1,1
21,12,13,2,0,0
54,3,6,1,0,0
18,19,23,5,1,1
36,17,20,6,1,1
99,18,20,2,0,1
45,15,19,1,0,0
73,13,14,5,1,0
53,7,8,3,0,0
30,11,13,4,0,0
60,8,10,6,1,1
98,5,7,3,0,0
32,17,19,3,0,0
67,1,3,4,0,0
67,22,2,1,0,0
28,7,11,1,0,0
44,23,2,2,0,0
79,13,15,0,0,1
41,5,6,1,0,0
63,9,10,4,0,1
23,7,9,0,0,0
75,16,18,4,0,0
48,11,13,4,0,0
32,16,18,4,0,0
57,12,14,6,1,1
100,18,19,6,1,0
33,11,14,0,0,0
24,15,17,3,0,1
39,4,6,6,1,0
34,15,17,5,1,0
56,5,9,4,0,0
28,10,11,6,1,1
37,16,17,2,0,0
7,22,1,1,0,0
68,13,17,5,1,1
37,5,9,1,0,0
56,22,2,1,0,0
65,10,13,0,0,1
65,11,14,2,0,0
47,12,15,2,0,1
20,3,7,5,1,0
19,6,7,2,0,1
29,1,5,2,0,0
74,5,8,2,0,0
60,5,9,5,1,0
18,17,19,3,0,1
92,19,23,2,0,0
35,7,11,6,1,1
43,7,8,2,0,0
95,7,8,0,0,0
91,7,8,0,0,0
11,0,2,6,1,0
49,1,2,2,0,0
38,11,13,3,0,0
64,14,17,2,0,0
69,3,4,6,1,0
8,2,6,2,0,0
34,13,17,2,0,0
48,21,23,4,0,1
56,22,23,3,0,0
76,7,11,1,0,0
65,12,15,6,1,1
31,22,23,2,0,0
4,18,21,6,1,1
50,21,1,1,0,0
69,4,5,3,0,0
30,12,14,6,1,1
88,19,23,2,0,1
59,0,3,1,0,0
67,15,16,6,1,1
75,22,1,5,1,0
45,23,2,1,0,0
4,1,3,3,0,0
26,6,8,2,0,0
27,5,9,4,0,0
46,4,6,3,0,0
64,3,5,4,0,1
91,1,5,2,0,0
51,9,13,1,0,1
50,21,1,5,1,0
6,4,8,5,1,0
59,17,20,6,1,1
15,9,12,3,0,0
30,22,2,3,0,1
42,21,1,3,0,0
37,14,15,0,0,0
42,8,9,5,1,0
35,10,11,5,1,1
87,20,22,2,0,1
6,16,19,0,0,0
68,20,23,3,0,0
18,8,9,3,0,1
73,22,23,4,0,0
29,15,18,6,1,0
77,5,7,0,0,1
59,21,22,6,1,1
47,10,14,1,0,1
17,22,23,6,1,0
96,16,19,5,1,1
22,3,6,2,0,0
68,14,15,1,0,1
69,0,1,1,0,0
37,21,1,2,0,1
49,19,23,3,0,0
13,0,2,5,1,0
34,8,10,4,0,1
86,11,15,3,0,0
53,3,5,6,1,0
87,21,23,3,0,0
51,12,13,0,0,0
3,6,10,1,0,0
42,7,8,1,0,0
98,12,13,5,1,0
32,10,12,6,1,0
51,8,9,1,0,1
85,23,2,4,0,0
46,15,17,4,0,0
21,9,12,6,1,1
44,10,12,4,0,1
11,11,12,2,0,1
68,13,15,6,1,0
1,18,21,5,1,0
92,11,13,4,0,0
63,17,20,0,0,1
24,20,0,0,0,1
99,16,17,3,0,0
13,2,5,3,0,0
98,0,4,5,1,0
11,18,19,6,1,1
100,3,7,3,0,0
51,22,1,3,0,0
17,15,16,0,0,0
99,11,15,3,0,0
82,20,23,0,0,0
86,20,0,4,0,0
24,12,13,4,0,0
19,16,17,5,1,0
37,7,8,2,0,0
85,12,15,3,0,1
8,19,23,4,0,1
28,4,8,4,0,0
5,17,20,6,1,1
17,14,15,5,1,1
36,11,13,1,0,0
19,16,17,1,0,0
64,14,16,5,1,1
91,1,2,0,0,0
98,5,8,2,0,0
11,16,18,6,1,1
54,15,18,6,1,0
45,16,18,5,1,0
47,19,23,1,0,1
12,8,10,2,0,1
21,4,6,4,0,0
11,22,0,5,1,1
92,0,4,0,0,0
5,5,8,2,0,0
81,23,3,1,0,0
56,13,15,4,0,0
20,16,17,5,1,1
41,18,22,6,1,1
46,0,1,3,0,0
12,0,4,6,1,0
70,12,16,6,1,1
17,13,15,4,0,1
19,5,8,1,0,0
26,5,8,5,1,0
48,0,2,1,0,0
52,13,17,3,0,1
96,2,5,6,1,0
70,22,1,4,0,0
55,9,12,2,0,1
100,18,20,2,0,0
75,18,19,4,0,1
33,18,19,2,0,1
62,22,23,6,1,0
88,3,4,5,1,0
23,19,20,4,0,1
15,18,21,4,0,1
27,9,12,1,0,1
75,1,5,0,0,0
64,3,6,1,0,0
81,23,1,2,0,0
51,5,9,0,0,0
53,6,9,4,0,0
78,15,19,2,0,0
91,6,10,3,0,1
82,17,18,2,0,1
92,19,23,0,0,0
51,21,0,0,0,1
47,18,19,4,0,1
4,8,11,5,1,1
7,19,20,3,0,1
35,9,12,4,0,0
48,12,13,3,0,0
73,17,18,3,0,0
72,15,17,4,0,0
45,21,0,6,1,0
81,16,20,2,0,1
81,21,22,1,0,1
97,12,15,3,0,0
96,11,12,6,1,1
72,9,11,0,0,1
19,0,2,4,0,0
63,7,9,5,1,1
38,20,22,6,1,1
67,21,1,2,0,0
59,17,21,6,1,1
69,1,2,3,0,1
13,15,18,5,1,0
47,11,13,6,1,1
61,8,10,2,0,1
31,2,6,6,1,0
80,21,1,4,0,0
96,20,22,5,1,0
22,3,6,0,0,0
93,1,2,3,0,0
86,7,8,3,0,0
43,9,10,5,1,1
67,15,16,2,0,0
54,22,1,4,0,0
10,10,13,6,1,1
42,17,20,6,1,1
64,21,1,1,0,0
21,13,15,3,0,0
80,7,10,6,1,0
76,22,23,0,0,0
66,14,17,3,0,0
41,16,18,3,0,0
24,20,0,1,0,1
35,17,18,1,0,0
56,5,9,4,0,0
30,22,1,6,1,1
57,13,14,6,1,0
94,22,23,3,0,0
47,2,5,3,0,0
35,6,9,2,0,0
19,14,16,2,0,0
8,20,23,6,1,1
26,23,2,5,1,0
71,15,18,5,1,1
30,15,16,0,0,1
7,7,9,6,1,1
67,6,7,6,1,0
65,5,8,6,1,0
36,1,3,0,0,0
25,21,0,2,0,0
37,12,13,5,1,0
1,11,12,6,1,1
15,14,17,0,0,1
37,8,10,3,0,1
13,1,2,5,1,1
8,16,19,1,0,0
5,4,8,5,1,1
60,10,13,3,0,1
73,21,0,2,0,0
1,18,20,4,0,1
36,23,2,4,0,0
35,6,10,2,0,0
66,1,4,3,0,0
63,15,19,0,0,0
23,11,12,5,1,0
9,22,1,5,1,1
34,14,16,0,0,0
46,0,3,4,0,0
78,12,16,6,1,0
4,22,2,6,1,0
30,5,7,2,0,0
95,12,16,6,1,1
75,17,20,2,0,1
99,2,6,6,1,0
72,0,3,1,0,0
3,14,17,4,0,0
14,12,16,2,0,1
60,4,6,1,0,0
77,12,13,0,0,0
45,21,23,4,0,0
96,4,5,4,0,0
34,18,20,2,0,1
45,20,23,2,0,1
61,23,2,3,0,1
83,17,21,6,1,0
16,20,21,0,0,1
66,21,22,0,0,0
40,9,13,5,1,1
17,23,1,1,0,0
34,7,11,1,0,0
16,14,16,3,0,0
60,20,0,5,1,1
66,19,20,0,0,1
66,22,23,6,1,0
90,21,23,6,1,1
13,3,4,6,1,1
56,1,2,6,1,0
31,23,0,1,0,0
34,5,6,0,0,0
39,2,5,6,1,0
67,6,10,0,0,0
8,9,13,5,1,1
87,22,1,1,0,0
78,5,6,2,0,0
55,15,19,2,0,0
27,1,5,5,1,1
93,23,3,1,0,0
53,16,18,3,0,0
39,12,15,4,0,0
65,0,2,5,1,0
17,5,7,0,0,0
30,4,7,5,1,0
53,12,16,4,0,1
13,22,0,5,1,0
21,17,21,1,0,0
19,11,13,0,0,0
53,6,10,4,0,0
19,14,15,6,1,0
57,2,3,2,0,0
25,15,16,3,0,1
86,0,3,5,1,0
31,15,16,5,1,0
81,23,1,4,0,0
55,11,15,3,0,0
23,18,22,5,1,0
32,7,11,2,0,0
62,22,2,4,0,0
74,11,13,1,0,0
10,14,18,0,0,1
100,1,3,2,0,0
72,16,18,3,0,0
54,6,10,3,0,0
52,12,16,2,0,1
20,0,4,6,1,1
32,5,7,1,0,0
14,12,15,5,1,1
50,10,12,1,0,1
28,9,12,5,1,1
53,15,19,5,1,0
24,23,1,3,0,0
79,22,2,5,1,0
22,19,22,2,0,0
30,16,19,6,1,1
63,16,18,5,1,1
4,3,5,2,0,0
77,4,6,0,0,0
59,22,0,3,0,0
87,13,14,1,0,0
8,19,20,4,0,1
82,9,13,1,0,0
12,13,16,1,0,0
31,0,3,6,1,0
78,10,14,4,0,0
34,22,2,6,1,0
82,17,21,3,0,1
98,15,16,5,1,1
75,17,21,0,0,1
76,7,10,1,0,0
49,9,13,6,1,1
79,9,11,5,1,0
57,4,7,1,0,0
95,9,12,3,0,0
93,17,20,3,0,1
26,20,21,2,0,1
18,23,0,3,0,0
96,5,8,3,0,0
86,2,4,1,0,0
38,7,10,0,0,0
81,8,9,6,1,1
87,4,6,1,0,0
88,1,4,6,1,1
50,1,2,5,1,0
8,6,8,6,1,1
41,16,20,3,0,1
6,9,13,2,0,0
69,11,14,0,0,0
44,1,5,2,0,0
64,9,10,4,0,1
29,19,21,2,0,0
28,0,3,2,0,0
11,3,5,5,1,0
65,12,14,3,0,0
19,11,13,5,1,0
9,10,11,3,0,0
27,9,12,5,1,1
34,14,18,3,0,1
44,4,6,6,1,1
68,16,18,3,0,0
100,4,6,3,0,0
82,1,2,2,0,0
15,8,12,4,0,1
51,5,7,3,0,1
13,17,18,4,0,1
83,13,14,4,0,0
49,18,20,1,0,1
70,13,15,1,0,0
56,7,8,0,0,1
76,16,17,6,1,0
51,2,4,5,1,0
37,9,10,1,0,0
17,16,17,3,0,0
58,10,12,4,0,1
87,7,9,5,1,0
90,0,3,0,0,0
29,12,16,1,0,1
33,20,22,2,0,0
60,3,5,6,1,1
91,6,8,5,1,0
89,13,17,0,0,0
55,4,7,3,0,0
10,23,0,5,1,0
47,10,14,4,0,1
23,16,18,3,0,1
85,4,6,3,0,0
21,19,22,5,1,1
13,2,5,2,0,0
33,4,7,2,0,0
24,14,15,5,1,0
11,18,22,5,1,1
17,15,19,5,1,1
68,7,10,6,1,1
47,12,13,6,1,1
25,15,19,4,0,0
94,2,4,1,0,0
73,0,2,3,0,0
21,8,10,5,1,0
84,8,12,6,1,1
83,21,0,1,0,0
83,16,18,4,0,1
12,23,2,3,0,0
37,1,2,1,0,0
42,8,10,3,0,1
17,23,0,2,0,0
48,18,21,5,1,1
28,12,16,2,0,0
41,4,7,0,0,0
99,8,10,4,0,0
47,12,14,5,1,1
18,0,3,1,0,0
78,14,16,3,0,0
99,3,5,6,1,0
71,3,4,0,0,0
13,19,23,4,0,0
82,9,12,4,0,0
13,5,6,4,0,0
100,23,1,1,0,0
31,11,12,5,1,1
2,19,23,2,0,0
16,15,18,0,0,0
9,2,6,1,0,0
73,13,17,3,0,0
38,0,1,1,0,0
75,9,10,3,0,1
54,14,18,3,0,1
56,6,8,4,0,0
86,3,6,1,0,0
97,13,15,2,0,0
100,23,1,3,0,0
87,15,18,6,1,0
45,13,14,4,0,0
34,2,4,2,0,0
9,16,17,1,0,0
88,20,23,2,0,0
8,13,15,1,0,1
7,17,18,3,0,0
36,2,3,0,0,0
18,21,23,0,0,1
3,18,21,5,1,1
28,2,6,5,1,0
70,11,12,3,0,0
44,21,0,2,0,1
21,4,6,1,0,0
28,9,10,0,0,0
54,8,9,1,0,1
54,0,1,3,0,0
65,12,15,2,0,1
100,2,3,6,1,0
21,18,19,1,0,1
99,10,12,2,0,1
13,15,16,6,1,1
57,5,8,0,0,0
49,23,1,1,0,0
54,2,6,4,0,0
10,18,20,0,0,1
53,5,6,2,0,0
44,7,11,3,0,0
47,21,23,4,0,0
53,12,13,5,1,1
74,11,13,1,0,1
46,9,12,5,1,1
13,2,3,0,0,0
37,3,6,1,0,0
24,0,1,1,0,0
2,12,15,4,0,0
86,23,3,4,0,0
81,3,6,4,0,0
100,21,23,4,0,0
14,10,11,3,0,0
10,18,20,2,0,0
35,10,13,4,0,0
25,11,12,0,0,0
3,10,13,1,0,0
17,5,9,5,1,0
12,11,15,4,0,0
54,8,12,0,0,1
24,9,12,3,0,0
29,2,5,0,0,0
43,2,6,5,1,0
25,19,22,5,1,0
100,22,0,0,0,0
60,15,18,3,0,1
90,2,4,5,1,0
65,9,13,3,0,1
84,23,2,1,0,0
28,10,14,4,0,1
16,7,8,5,1,0
47,5,8,0,0,0
81,19,22,2,0,0
92,10,14,2,0,1
58,20,0,6,1,1
76,11,15,1,0,0
27,15,16,2,0,0
53,17,18,1,0,0
42,12,16,4,0,1
59,21,0,6,1,1
47,2,5,1,0,0
94,14,18,3,0,0
34,21,23,3,0,0
37,20,21,6,1,1
6,13,14,3,0,0
7,17,19,5,1,1
96,13,17,3,0,0
96,4,7,3,0,0
25,20,23,3,0,0
33,13,14,3,0,1
55,7,9,5,1,1
58,22,1,3,0,0
7,14,15,3,0,0
57,14,17,4,0,0
12,18,21,5,1,0
16,19,22,3,0,0
80,5,6,1,0,0
43,18,20,6,1,1
100,7,11,4,0,0
77,5,7,5,1,0
7,19,22,2,0,1
100,22,0,0,0,0
51,14,17,5,1,0
73,2,3,6,1,0
32,9,10,4,0,1
75,14,15,3,0,0
8,23,2,4,0,0
97,15,17,0,0,0
87,16,20,0,0,0
89,18,22,5,1,1
72,10,11,3,0,0
45,15,19,3,0,0
86,4,7,1,0,0
59,4,6,0,0,0
4,13,17,3,0,1
67,17,21,0,0,0
29,7,9,1,0,0
29,4,8,2,0,0
98,6,8,0,0,0
98,15,18,1,0,0
28,22,1,1,0,0
77,13,16,6,1,1
79,4,5,1,0,0
87,23,2,4,0,0
44,8,12,5,1,1
90,3,4,3,0,0
4,3,4,0,0,1
90,15,16,5,1,1
9,23,2,4,0,0
5,16,17,0,0,1
56,14,17,5,1,0
96,3,6,4,0,0
84,5,6,3,0,0
50,15,16,1,0,0
75,3,7,5,1,0
15,5,6,5,1,0
32,4,7,0,0,0
28,15,19,1,0,0
22,15,19,6,1,0
17,9,12,3,0,1
59,8,9,0,0,0
90,3,4,2,0,0
71,13,15,2,0,1
57,3,4,2,0,0
26,11,13,3,0,0
25,23,3,2,0,0
10,9,13,5,1,1
45,3,7,6,1,1
83,17,19,0,0,1
11,12,15,6,1,1
77,12,15,6,1,0
53,13,17,6,1,1
72,17,19,5,1,0
68,0,2,2,0,0
95,20,0,6,1,1
28,15,16,6,1,0
75,14,18,0,0,0
65,21,23,5,1,1
49,4,5,3,0,0
47,5,8,1,0,0
52,5,6,5,1,0
88,2,5,4,0,0
54,15,17,2,0,0
60,11,15,4,0,0
57,3,7,1,0,0
47,0,4,3,0,0
31,3,7,5,1,0
46,0,4,3,0,0
26,20,22,1,0,0
5,7,9,4,0,0
84,23,3,5,1,0
52,4,5,2,0,0
75,1,5,0,0,0
54,11,14,6,1,0
33,21,0,3,0,1
50,16,19,1,0,1
38,6,9,5,1,0
27,10,14,4,0,1
98,3,6,2,0,0
15,4,5,4,0,0
96,5,9,2,0,0
61,10,13,5,1,1
21,0,4,0,0,0
46,9,13,0,0,1
69,19,23,6,1,1
6,23,1,1,0,0
38,20,23,1,0,0
62,10,12,2,0,1
86,23,0,2,0,0
62,16,17,2,0,0
82,7,9,2,0,1
78,12,15,6,1,0
74,19,23,5,1,1
46,17,18,5,1,1
13,21,22,0,0,0
95,15,16,1,0,0
94,1,4,6,1,0
3,4,6,1,0,0
94,17,19,3,0,0
6,2,5,1,0,0
93,21,22,1,0,0
8,16,19,4,0,0
44,15,18,4,0,0
33,5,7,6,1,0
81,18,21,3,0,1
75,6,9,2,0,0
77,17,18,3,0,1
50,13,17,3,0,1
11,5,6,0,0,0
95,7,9,5,1,1
28,14,18,1,0,0
70,14,15,0,0,1
41,14,17,6,1,1
16,15,18,5,1,0
68,0,4,6,1,0
99,10,14,1,0,1
48,4,7,6,1,1
56,4,6,3,0,0
64,20,21,1,0,1
59,5,8,2,0,0
90,1,2,2,0,0
62,5,6,3,0,1
76,13,14,6,1,1
11,10,11,4,0,1
89,3,5,2,0,0
18,23,1,3,0,0
19,8,10,0,0,1
87,23,2,4,0,0
55,2,5,2,0,0
82,15,18,3,0,1
26,10,12,3,0,0
6,3,4,0,0,0
4,0,2,0,0,0
29,20,23,4,0,1
59,21,1,5,1,0
98,15,18,2,0,0
17,18,19,3,0,1
43,15,17,4,0,1
80,10,14,6,1,1
66,7,11,4,0,0
34,22,23,6,1,1
8,0,2,0,0,0
13,20,0,3,0,0
8,8,11,1,0,1
94,11,12,5,1,1
96,21,1,5,1,0
100,7,8,0,0,1
94,16,18,6,1,0
65,9,11,3,0,0
43,6,8,4,0,0
39,18,21,5,1,1
81,5,9,4,0,0
59,20,22,2,0,1
84,23,2,1,0,0
88,23,1,0,0,0
86,18,20,6,1,1
93,17,21,5,1,1
86,14,17,2,0,0
44,1,3,2,0,0
9,13,16,1,0,1
37,20,23,0,0,1
74,9,11,0,0,1
36,15,17,4,0,0
92,6,7,0,0,0
28,7,11,2,0,1
42,9,11,4,0,1
43,14,15,0,0,0
85,7,11,6,1,0
88,12,14,6,1,0
42,11,14,1,0,0
66,7,11,2,0,0
55,14,17,3,0,1
72,11,12,1,0,0
48,10,12,1,0,0
91,18,19,0,0,1
22,13,15,4,0,0
27,17,19,4,0,1
93,12,15,6,1,1
67,3,4,2,0,0
13,16,19,0,0,0
45,18,21,4,0,0
10,8,11,6,1,1
100,22,23,5,1,0
9,6,8,3,0,1
54,0,2,5,1,0
27,6,7,0,0,0
34,6,8,0,0,0
1,19,20,4,0,1
32,6,7,1,0,1
89,7,9,0,0,1
93,15,19,1,0,0
71,2,5,2,0,0
67,12,13,6,1,1
84,9,10,2,0,1
20,17,21,4,0,1
94,6,7,2,0,1
35,20,21,5,1,1
99,20,22,5,1,1
91,4,6,5,1,0
90,22,2,4,0,0
78,23,0,4,0,0
17,21,0,5,1,0
18,6,8,1,0,1
45,21,0,5,1,1
93,16,19,1,0,0
84,3,7,2,0,0
53,23,3,1,0,0
91,22,23,0,0,0
82,15,19,3,0,0
68,18,20,0,0,1
65,9,10,0,0,1
1,2,3,4,0,0
58,2,5,3,0,0
26,16,19,4,0,0
20,9,12,1,0,1
87,16,17,5,1,0
10,21,1,6,1,1
59,16,20,6,1,0
75,20,0,6,1,1
41,3,4,1,0,0
5,20,21,3,0,1
65,22,23,2,0,0
17,5,6,1,0,0
22,11,12,0,0,0
98,21,1,3,0,0
41,19,20,3,0,0
93,16,20,1,0,0
68,16,17,1,0,1
69,9,13,4,0,0
11,6,8,4,0,0
56,15,17,0,0,1
51,12,16,3,0,1
21,2,4,6,1,0
99,1,3,2,0,0
76,15,19,2,0,1
26,5,6,3,0,0
19,5,6,0,0,0
60,12,16,6,1,1
71,6,9,4,0,0
47,4,7,4,0,0
71,23,1,4,0,0
26,6,9,2,0,0
40,1,3,2,0,0
5,16,17,0,0,0
21,12,16,2,0,1
78,20,21,1,0,0
4,20,0,2,0,1
23,15,18,4,0,0
84,19,20,0,0,1
15,1,2,3,0,0
93,4,6,3,0,0
8,17,21,0,0,1
41,6,9,1,0,0
19,10,11,3,0,0
46,10,14,4,0,1
28,21,0,3,0,0
91,16,17,3,0,1
68,15,19,4,0,0
15,12,14,2,0,0
99,21,22,1,0,1
37,4,8,6,1,0
1,19,22,4,0,1
67,15,18,4,0,0
24,21,23,5,1,1
27,21,22,0,0,0
40,15,17,1,0,1
63,15,19,2,0,0
61,13,16,5,1,0
36,5,7,6,1,1
98,1,2,4,0,0
93,13,17,6,1,1
24,15,16,6,1,0
24,22,0,6,1,0
4,19,22,5,1,1
67,12,15,2,0,0
34,14,16,5,1,1
57,11,12,5,1,1
49,8,9,5,1,1
87,17,18,4,0,1
53,20,21,4,0,1
23,13,16,0,0,1
69,19,20,3,0,0
95,3,5,1,0,0
53,7,9,0,0,0
62,7,9,2,0,0
41,21,23,5,1,0
57,21,22,4,0,0
60,15,18,5,1,0
54,23,3,4,0,1
70,9,10,6,1,1
57,20,0,1,0,0
10,16,19,0,0,1
40,0,1,0,0,0
7,17,21,2,0,0
38,9,12,6,1,1
85,20,0,0,0,0
61,3,5,0,0,0
84,0,2,3,0,0
3,3,6,1,0,0
51,3,6,5,1,1
86,3,7,0,0,0
47,16,19,2,0,0
68,8,10,5,1,0
92,18,20,4,0,1
76,12,13,6,1,1
38,3,7,6,1,0
36,4,7,0,0,0
41,12,15,0,0,0
69,22,1,5,1,1
13,15,19,4,0,0
87,21,23,3,0,1
58,4,7,1,0,0
50,7,10,3,0,0
30,15,17,2,0,0
62,0,3,5,1,1
25,22,23,0,0,0
27,5,7,3,0,0
51,10,12,1,0,1
78,15,17,2,0,0
57,4,5,6,1,0
47,15,17,3,0,0
100,6,10,0,0,1
39,18,22,1,0,0
16,0,4,0,0,0
22,8,10,0,0,0
85,17,19,2,0,0
54,12,14,1,0,1
21,14,15,4,0,1
72,2,6,6,1,0
16,23,2,0,0,1
59,9,12,1,0,1
31,8,10,0,0,0
42,12,13,3,0,0
74,15,17,3,0,0
32,2,5,1,0,0
59,21,1,6,1,0
34,22,1,2,0,0
9,14,18,4,0,1
81,16,20,3,0,1
11,13,14,2,0,1
96,6,9,4,0,0
10,19,21,3,0,0
86,15,16,4,0,0
17,20,0,5,1,0
68,7,10,0,0,0
48,3,5,1,0,1
52,19,20,3,0,0
25,23,1,3,0,0
21,14,17,0,0,0
65,4,6,3,0,0
63,12,13,3,0,0
89,5,7,5,1,0
51,4,7,3,0,0
36,16,17,3,0,0
81,6,10,3,0,0
88,5,6,2,0,0
66,1,4,3,0,0
15,10,12,0,0,0
96,6,10,5,1,0
39,21,1,3,0,0
70,20,22,4,0,0
1,7,10,5,1,0
23,4,5,5,1,0
39,17,20,4,0,1
57,21,1,0,0,0
81,15,16,2,0,0
34,13,14,6,1,1
41,11,13,6,1,0
93,16,19,0,0,0
73,4,5,2,0,0
13,13,15,1,0,1
70,5,8,4,0,0
6,14,18,5,1,1
84,6,10,5,1,0
52,13,16,5,1,1
3,17,18,4,0,1
81,0,1,4,0,0
63,5,9,6,1,0
49,2,6,6,1,0
76,4,5,6,1,1
47,11,14,2,0,1
55,10,14,5,1,1
64,12,13,0,0,0
65,15,18,2,0,0
81,17,19,5,1,1
67,16,19,4,0,0
90,16,17,4,0,0
15,10,13,4,0,0
100,19,20,5,1,1
32,9,13,6,1,1
96,15,17,4,0,0
68,1,5,1,0,0
18,16,20,4,0,1
83,21,22,5,1,0
43,19,20,6,1,1
35,9,10,2,0,1
78,12,13,4,0,0
58,11,15,6,1,1
33,14,15,6,1,1
14,6,7,3,0,0
34,21,1,1,0,0
61,20,22,5,1,0
4,12,14,4,0,1
88,11,14,3,0,0
59,11,15,5,1,0
29,1,2,2,0,0
83,4,7,1,0,0
6,1,3,6,1,0
97,22,0,4,0,0
49,19,23,2,0,1
40,12,13,5,1,0
83,2,3,3,0,0
65,10,13,5,1,1
69,15,17,5,1,0
27,0,3,1,0,0
80,18,21,4,0,0
6,10,13,2,0,0
13,8,9,1,0,1
64,13,15,3,0,0
62,8,11,6,1,1
99,6,8,4,0,0
19,15,17,6,1,0
76,2,5,1,0,0
80,18,21,3,0,0
43,3,7,3,0,0
74,6,7,2,0,0
89,22,0,5,1,0
20,11,14,3,0,0
95,17,20,3,0,0
68,4,6,5,1,0
44,22,1,0,0,0
23,22,2,3,0,0
2,21,23,4,0,1
22,9,12,6,1,1
57,11,13,6,1,1
72,7,10,1,0,0
7,18,21,5,1,0
78,14,15,5,1,1
56,0,2,5,1,1
67,2,3,4,0,0
16,17,20,5,1,1
83,17,19,4,0,1
51,1,3,6,1,0
82,4,8,2,0,0
80,0,4,0,0,1
72,9,12,5,1,0
97,19,22,6,1,1
12,9,12,0,0,1
53,4,7,6,1,0
75,17,21,5,1,0
5,20,22,4,0,1
27,14,15,6,1,1
12,19,21,1,0,0
17,7,9,0,0,0
6,16,20,0,0,0
97,11,13,4,0,0
5,20,22,0,0,1
57,11,14,2,0,0
28,0,1,4,0,0
78,3,5,0,0,0
69,7,9,0,0,1
59,0,1,0,0,0
33,14,17,4,0,0
62,17,21,1,0,1
50,0,4,3,0,0
19,10,12,6,1,1
86,22,1,5,1,0
69,1,5,6,1,1
66,0,4,0,0,0
94,11,15,6,1,0
47,15,19,3,0,0
39,21,1,3,0,0
68,21,23,0,0,0
33,9,13,0,0,0
13,17,19,5,1,1
84,14,15,3,0,1
54,16,17,1,0,0
7,9,12,3,0,1
79,2,4,1,0,0
87,20,23,6,1,1
14,15,16,2,0,1
87,5,6,1,0,0
19,2,3,5,1,0
54,8,9,4,0,1
93,10,14,6,1,0
20,20,21,0,0,1
29,12,16,2,0,1
24,17,21,3,0,1
82,21,0,1,0,1
63,23,3,2,0,0
74,21,0,6,1,0
57,3,7,4,0,0
8,21,1,1,0,0
90,23,0,5,1,0
62,7,9,3,0,0
29,12,16,3,0,1
74,9,11,1,0,1
17,1,3,4,0,0
66,7,9,0,0,0
6,5,9,0,0,0
58,15,17,3,0,0
69,17,21,6,1,1
28,16,17,6,1,0
62,5,9,4,0,0
41,12,15,3,0,1
69,22,23,0,0,0
82,13,15,3,0,0
90,20,22,1,0,1
84,9,12,6,1,1
41,23,0,6,1,0
49,10,13,5,1,1
91,12,14,1,0,0
49,11,15,5,1,1
76,8,10,4,0,0
71,3,6,0,0,0
3,6,10,4,0,1
10,23,3,4,0,0
98,21,23,0,0,0
89,1,5,2,0,0
35,6,7,2,0,0
80,8,10,3,0,1
2,4,6,2,0,0
24,14,15,1,0,1
74,17,19,6,1,0
38,3,6,5,1,0
22,18,21,6,1,1
26,19,21,4,0,1
43,6,7,6,1,0
55,7,11,3,0,0
39,16,17,4,0,0
91,12,15,0,0,0
29,23,1,6,1,0
20,20,21,2,0,0
91,22,2,0,0,0
41,10,14,3,0,1
54,0,4,5,1,0
20,1,5,1,0,0
19,16,17,2,0,0
84,4,8,0,0,0
99,5,8,5,1,0
66,23,3,6,1,1
30,6,9,2,0,1
53,20,21,4,0,0
34,14,17,1,0,1
22,18,19,6,1,1
67,15,19,5,1,0
6,12,14,2,0,0
79,4,7,6,1,0
27,2,5,1,0,0
10,2,4,5,1,0
73,18,19,4,0,1
97,13,14,4,0,1
96,15,19,0,0,0
48,21,0,3,0,0
70,16,17,0,0,0
59,3,7,1,0,0
100,12,13,0,0,0
59,7,9,5,1,1
2,18,20,2,0,0
29,4,6,5,1,0
68,1,5,0,0,0
65,14,17,3,0,1
83,1,3,5,1,1
26,10,12,5,1,0
89,12,13,5,1,0
10,22,0,3,0,0
53,9,12,5,1,1
79,2,6,1,0,0
59,4,6,4,0,0
22,2,6,3,0,0
51,5,9,1,0,0
48,12,15,3,0,0
21,9,10,3,0,0
22,18,19,4,0,1
100,7,11,2,0,0
98,17,19,1,0,1
30,2,6,3,0,0
25,23,0,6,1,1
28,23,1,3,0,0
65,16,17,0,0,0
45,7,10,5,1,0
68,9,10,2,0,0
7,1,3,4,0,0
49,11,13,6,1,1
9,22,2,1,0,0
36,5,7,3,0,0
83,1,4,5,1,0
1,20,21,1,0,1
10,22,2,4,0,0
36,23,3,2,0,0
73,2,4,0,0,1
46,16,19,2,0,0
32,6,10,0,0,0
32,20,23,1,0,1
6,4,7,2,0,0
48,22,23,2,0,0
38,0,1,2,0,0
17,7,8,4,0,1
74,11,14,1,0,0
27,13,14,6,1,1
54,15,19,0,0,0
50,9,13,2,0,1
35,14,16,1,0,0
85,20,23,6,1,0
25,23,0,5,1,0
28,14,18,4,0,0
15,9,12,4,0,1
4,20,23,5,1,1
93,6,7,1,0,0
73,2,5,0,0,0
27,1,2,1,0,0
26,5,6,1,0,0
19,20,21,3,0,1
92,8,11,6,1,1
17,9,12,4,0,1
43,3,4,0,0,0
41,2,5,3,0,0
42,8,9,5,1,1
50,23,1,1,0,0
84,21,0,5,1,0
40,16,19,4,0,1
39,13,15,3,0,0
23,9,11,6,1,0
96,12,14,3,0,0
52,11,12,0,0,0
47,0,1,6,1,0
63,21,1,1,0,0
97,18,20,0,0,0
69,18,22,3,0,1
43,5,6,6,1,0
48,12,15,3,0,1
34,18,20,0,0,0
40,12,15,3,0,0
75,21,22,6,1,0
61,20,22,2,0,0
50,3,7,4,0,0
67,23,3,1,0,0
62,1,2,4,0,0
58,14,17,1,0,0
33,11,12,6,1,1
75,6,9,3,0,0
16,19,20,6,1,0
82,17,21,0,0,1
94,22,1,0,0,0
48,12,13,3,0,0
10,16,18,1,0,0
82,3,7,3,0,0
38,13,17,1,0,0
19,19,21,3,0,0
36,12,13,3,0,1
59,2,5,3,0,0
63,17,21,0,0,1
77,13,14,1,0,1
46,14,16,5,1,0
3,2,5,3,0,0
74,0,1,4,0,0
65,23,0,4,0,0
91,16,20,6,1,0
8,2,6,6,1,1
51,13,16,0,0,0
81,2,3,2,0,0
73,12,14,5,1,1
6,14,16,0,0,1
89,17,20,2,0,1
39,13,14,0,0,0
60,20,0,6,1,1
28,2,3,4,0,0
97,18,22,3,0,1
54,7,9,1,0,0
37,3,6,6,1,0
9,3,6,3,0,0
82,18,21,4,0,1
56,10,14,1,0,1
59,0,2,2,0,0
85,7,9,2,0,0
2,14,17,4,0,0
61,0,3,1,0,0
58,6,10,3,0,0
60,20,0,4,0,0
40,19,20,2,0,0
36,19,23,4,0,0
37,23,0,3,0,0
79,10,13,0,0,1
92,13,15,5,1,0
18,21,1,5,1,1
98,15,17,6,1,1
63,13,17,5,1,1
22,11,15,0,0,1
11,16,17,3,0,0
58,13,17,6,1,0
57,9,12,1,0,0
77,23,1,4,0,0
4,13,17,3,0,1
86,17,19,0,0,0
7,21,23,6,1,1
61,8,10,2,0,0
54,16,20,5,1,1
88,5,6,5,1,0
68,7,9,3,0,0
92,12,14,5,1,1
79,17,21,5,1,1
1,4,8,3,0,0
55,5,8,3,0,0
3,20,23,6,1,1
78,18,19,0,0,0
38,3,4,0,0,0
1,6,7,5,1,0
38,3,4,6,1,0
85,10,12,3,0,1
29,11,15,3,0,0
5,13,16,5,1,0
74,12,14,1,0,0
92,9,13,2,0,1
21,17,21,4,0,1
71,15,17,4,0,0
67,4,6,5,1,0
47,7,10,6,1,1
84,13,14,4,0,0
83,4,5,0,0,0
35,23,2,6,1,1
68,7,10,6,1,0
69,5,6,0,0,0
1,15,17,1,0,0
68,3,4,5,1,0
12,11,15,0,0,0
60,10,14,5,1,1
27,2,5,5,1,1
56,11,12,6,1,0
23,4,5,3,0,0
25,5,9,2,0,0
21,18,19,2,0,1
61,17,20,5,1,1
63,15,18,2,0,0
52,22,2,2,0,0
88,10,11,4,0,1
25,4,5,6,1,1
55,8,12,4,0,0
46,2,4,3,0,0
32,7,9,1,0,0
55,5,6,6,1,0
96,3,6,0,0,0
5,11,13,0,0,0
36,11,12,4,0,0
49,20,22,5,1,0
58,15,19,2,0,0
39,9,11,3,0,1
80,21,23,1,0,1
97,13,17,4,0,1
85,12,15,5,1,1
61,8,9,3,0,1
9,6,9,5,1,1
6,11,14,3,0,0
35,4,6,4,0,0
39,17,18,3,0,1
22,3,5,6,1,1
41,1,5,2,0,0
5,2,5,3,0,0
42,11,14,1,0,0
87,2,6,3,0,0
81,3,4,6,1,0
76,5,8,0,0,0
87,11,14,6,1,0
80,18,19,3,0,0
67,9,11,5,1,1
30,0,4,4,0,0
57,16,17,0,0,0
86,15,19,4,0,0
73,8,12,5,1,1
29,20,23,1,0,0
37,8,9,2,0,1
87,22,2,1,0,0
13,8,10,0,0,1
32,11,15,5,1,0
46,22,1,5,1,0
23,8,10,2,0,0
45,14,16,3,0,0
17,1,2,0,0,0
85,10,12,2,0,1
66,10,11,6,1,0
6,7,8,6,1,1
18,22,0,4,0,0
94,5,6,2,0,0
22,20,21,4,0,1
33,19,21,6,1,0
30,6,9,6,1,0
81,2,6,4,0,0
32,7,8,5,1,1
42,17,18,2,0,0
78,16,18,5,1,0
10,10,14,6,1,0
36,1,5,5,1,0
34,20,21,1,0,0
73,23,1,1,0,0
28,18,21,5,1,1
11,6,10,5,1,0
78,17,20,4,0,0
39,7,9,5,1,0
47,13,16,0,0,1
19,6,8,2,0,0
15,20,21,0,0,1
28,3,6,1,0,0
24,16,17,0,0,0
72,4,5,3,0,0
9,11,13,3,0,0
47,8,11,1,0,1
33,19,23,0,0,1
62,12,15,2,0,0
97,17,21,1,0,0
19,19,20,3,0,0
67,8,9,1,0,1
74,3,5,0,0,0
40,20,0,0,0,0
47,7,10,0,0,0
65,0,2,4,0,0
29,16,18,0,0,0
50,8,10,5,1,1
98,19,22,3,0,1
13,12,14,6,1,1
1,1,4,3,0,0
34,12,14,4,0,0
93,8,12,3,0,1
48,19,20,3,0,1
77,5,9,1,0,0
48,0,4,6,1,1
49,4,6,6,1,0
64,2,6,0,0,0
61,3,7,5,1,0
29,0,4,5,1,0
39,13,15,1,0,1
88,8,11,5,1,1
26,23,0,1,0,0
17,3,4,6,1,0
71,17,20,6,1,1
13,13,16,6,1,1
69,3,7,5,1,0
26,9,10,3,0,1
49,2,5,6,1,0
67,22,2,2,0,0
7,6,7,0,0,0
58,9,11,2,0,1
49,12,14,3,0,1
53,3,4,4,0,0
65,17,18,1,0,1
62,10,12,5,1,1
17,3,5,5,1,0
43,23,0,3,0,0
25,13,17,5,1,0
3,17,20,3,0,1
79,7,10,2,0,0
29,9,10,4,0,0
32,4,7,1,0,0
26,22,0,5,1,0
16,6,8,4,0,0
25,11,14,4,0,0
54,2,3,4,0,0
28,3,5,0,0,0
73,9,13,4,0,0
56,3,7,6,1,0
65,14,16,3,0,0
93,9,11,0,0,1
86,20,23,6,1,1
80,21,22,0,0,0
41,15,18,4,0,0
51,14,15,5,1,0
71,18,22,5,1,0
78,19,23,5,1,0
29,18,19,5,1,1
83,17,20,3,0,0
19,11,13,5,1,1
66,15,16,1,0,0
41,0,3,4,0,0
45,15,19,0,0,0
15,1,3,1,0,0
3,23,3,5,1,0
11,14,15,1,0,0
53,6,10,0,0,0
46,0,4,5,1,0
30,4,5,1,0,0
57,9,11,3,0,0
18,21,22,3,0,0
51,20,23,4,0,0
48,3,4,4,0,1
66,13,14,6,1,1
96,12,14,1,0,0
8,0,3,0,0,0
22,15,19,3,0,0
6,22,2,2,0,0
76,8,12,4,0,0
57,21,1,6,1,0
36,15,17,3,0,0
79,18,21,6,1,1
92,14,16,5,1,1
57,13,14,1,0,1
49,19,22,6,1,1
45,9,12,3,0,0
82,20,0,3,0,1
66,11,15,1,0,0
77,0,4,4,0,0
45,20,0,4,0,1
79,16,17,2,0,1
20,8,12,2,0,0
64,22,0,4,0,0
93,18,21,4,0,0
93,17,18,6,1,1
67,6,7,4,0,0
83,8,11,4,0,0
3,21,0,3,0,0
54,20,23,2,0,1
78,11,12,1,0,0
64,6,8,0,0,0
40,13,15,1,0,1
59,14,17,5,1,1
55,14,15,0,0,0
62,5,9,3,0,0
4,20,21,5,1,1
60,13,16,2,0,0
75,1,2,0,0,0
95,7,8,4,0,0
96,12,13,5,1,1
91,22,2,3,0,0
30,5,8,0,0,0
2,4,7,4,0,0
62,4,7,5,1,0
49,0,2,3,0,0
9,8,10,5,1,1
92,5,8,0,0,0
31,19,20,4,0,0
98,6,7,2,0,0
61,8,11,6,1,1
79,4,8,3,0,0
48,13,17,0,0,0
25,4,5,4,0,0
36,7,8,2,0,0
8,6,8,5,1,0
73,12,16,4,0,0
58,12,13,6,1,1
45,7,8,2,0,1
62,10,13,0,0,0
39,17,19,4,0,1
96,18,22,6,1,1
58,5,9,4,0,0
81,21,23,1,0,0
99,1,2,3,0,0
83,12,16,4,0,0
64,22,2,6,1,0
44,10,14,2,0,1
29,0,3,3,0,0
59,23,1,0,0,0
71,1,5,6,1,0
92,16,18,3,0,0
9,7,8,1,0,0
92,1,3,0,0,0
6,5,8,4,0,0
29,21,0,6,1,0
58,4,6,5,1,0
17,15,18,0,0,1
16,7,11,6,1,1
87,18,21,0,0,1
95,15,16,1,0,0
3,12,14,2,0,0
21,19,21,0,0,0
64,6,7,6,1,0
90,15,16,2,0,1
36,22,23,3,0,0
86,15,16,5,1,1
62,11,15,1,0,0
42,13,16,4,0,0
76,23,2,6,1,0
42,17,21,6,1,1
61,17,18,6,1,1
13,15,17,0,0,0
11,19,21,5,1,1
54,15,17,5,1,0
16,12,13,2,0,1
8,8,12,0,0,1
59,8,12,6,1,1
57,12,16,5,1,0
40,3,6,6,1,0
59,8,11,6,1,0
2,14,17,6,1,1
94,13,16,1,0,0
94,18,20,4,0,1
76,11,13,3,0,1
10,20,0,3,0,1
44,5,8,2,0,0
11,2,6,5,1,0
79,21,22,3,0,0
80,19,22,2,0,1
81,15,18,4,0,0
90,19,23,6,1,1
2,23,3,0,0,1
50,22,23,1,0,0
12,16,20,4,0,0
90,15,18,4,0,1
23,5,7,3,0,0
18,7,8,3,0,0
62,18,19,1,0,1
96,1,4,0,0,0
62,13,15,4,0,0
38,21,1,5,1,1
67,11,15,3,0,1
38,16,18,4,0,0
67,14,16,0,0,1
94,17,20,2,0,1
61,15,19,0,0,0
1,12,15,4,0,0
94,20,0,4,0,1
45,16,20,1,0,0
96,7,9,4,0,0
28,0,3,3,0,0
21,2,4,5,1,0
13,15,18,1,0,0
27,1,5,4,0,0
100,14,15,0,0,0
7,0,1,4,0,0
22,8,11,0,0,1
74,15,18,0,0,0
53,3,5,4,0,0
79,11,15,0,0,1
79,0,1,5,1,0
4,0,2,2,0,0
96,6,9,1,0,0
23,17,21,4,0,0
70,22,0,6,1,0
88,22,0,2,0,0
84,14,17,0,0,1
84,12,16,0,0,1
76,15,16,1,0,0
33,6,8,2,0,0
28,15,18,2,0,0
8,12,14,4,0,1
1,13,16,0,0,1
37,16,19,6,1,1
63,11,14,3,0,0
22,23,3,6,1,0
70,23,0,4,0,0
21,19,23,4,0,1
96,12,13,4,0,0
35,23,2,1,0,1
79,19,20,1,0,1
5,14,18,4,0,0
60,23,1,5,1,0
46,20,0,3,0,1
50,3,7,2,0,0
48,21,1,2,0,1
6,1,5,0,0,0
89,17,21,2,0,1
56,1,2,6,1,0
59,14,15,2,0,0
29,18,20,3,0,0
71,14,18,2,0,0
77,19,23,6,1,0
18,9,11,3,0,0
2,23,1,1,0,0
8,19,22,3,0,1
75,10,12,1,0,0
97,9,11,3,0,1
54,22,0,4,0,0
38,4,7,6,1,0
48,8,9,5,1,1
27,19,22,1,0,0
20,18,19,1,0,1
12,12,14,2,0,0
43,17,20,1,0,0
61,16,19,3,0,0
31,5,6,4,0,0
91,9,12,4,0,1
96,1,4,2,0,0
61,23,3,3,0,0
74,5,6,3,0,0
67,20,23,0,0,1
91,12,15,1,0,0
35,17,19,2,0,0
95,6,10,4,0,0
15,1,5,6,1,0
16,13,15,5,1,1
13,4,6,0,0,0
35,17,19,3,0,0
75,10,12,1,0,1
59,9,13,4,0,1
21,10,13,6,1,1
54,1,4,0,0,0
75,14,16,3,0,0
30,6,7,4,0,0
48,8,10,4,0,1
35,4,7,3,0,0
86,6,7,3,0,0
38,19,21,2,0,0
31,1,2,4,0,0
78,2,4,3,0,0
24,1,5,5,1,1
49,20,23,6,1,1
96,21,23,6,1,0
100,22,23,5,1,1
32,18,21,6,1,1
55,3,5,0,0,0
79,23,1,6,1,1
58,19,21,1,0,0
99,6,8,6,1,1
3,21,1,5,1,1
80,6,9,2,0,0
69,16,20,3,0,0
85,18,21,1,0,1
10,21,23,2,0,0
83,15,18,4,0,0
25,2,3,1,0,0
68,14,17,5,1,0
61,13,14,2,0,1
29,14,15,3,0,1
19,13,17,3,0,1
43,6,9,6,1,1
66,2,4,2,0,0
74,16,19,4,0,0
61,9,13,6,1,0
43,14,15,5,1,0
25,5,6,2,0,0
20,16,20,0,0,0
48,16,20,2,0,0
83,13,16,2,0,1
87,23,0,5,1,0
24,17,21,3,0,0
11,4,7,6,1,0
98,7,10,4,0,0
55,6,8,6,1,0
28,22,23,2,0,0
69,3,6,1,0,0
63,17,21,3,0,0
59,4,5,3,0,0
5,15,19,2,0,0
51,13,17,5,1,1
21,18,21,1,0,0
12,13,16,2,0,0
50,8,10,1,0,1
4,5,9,3,0,0
42,16,19,1,0,0
84,18,20,6,1,1
38,11,12,2,0,0
25,3,5,0,0,0
14,15,17,0,0,0
75,10,14,1,0,1
32,21,22,5,1,0
11,3,7,2,0,0
61,16,20,4,0,0
18,7,9,0,0,0
27,13,15,3,0,0
55,1,4,6,1,0
54,10,12,2,0,1
82,10,13,2,0,1
87,23,3,6,1,0
75,21,23,0,0,0
21,23,0,6,1,0
44,5,6,6,1,0
5,20,0,4,0,1
87,20,0,6,1,1
41,13,15,3,0,0
59,9,12,4,0,1
89,7,9,3,0,0
54,6,9,0,0,1
74,7,9,2,0,1
22,7,8,3,0,0
83,22,23,2,0,0
65,1,4,1,0,0
64,15,17,1,0,0
71,8,12,0,0,1
4,12,15,0,0,1
65,22,23,5,1,1
15,11,14,0,0,1
76,21,23,1,0,0
22,16,20,3,0,0
86,1,5,6,1,0
47,12,15,6,1,1
81,0,2,6,1,0
93,18,20,4,0,1
46,10,14,6,1,1
14,4,5,0,0,0
50,0,2,6,1,0
20,19,23,4,0,1
50,12,16,4,0,0
33,7,9,1,0,0
59,5,7,5,1,0
43,16,19,3,0,0
79,11,12,1,0,0
12,0,3,0,0,0
40,2,5,1,0,0
20,13,17,1,0,1
94,7,11,1,0,1
38,10,11,0,0,1
3,13,16,0,0,1
28,7,10,1,0,0
56,2,6,1,0,1
90,6,10,4,0,1
94,18,20,3,0,1
13,3,6,4,0,0
77,15,16,5,1,0
66,12,15,3,0,0
37,19,23,5,1,1
49,18,20,3,0,1
66,4,7,1,0,0
36,22,23,4,0,0
54,4,8,3,0,0
26,19,21,5,1,1
75,23,2,3,0,0
72,3,4,0,0,0
40,1,5,3,0,0
43,12,13,6,1,1
22,15,18,1,0,0
20,21,1,2,0,0
8,1,4,0,0,0
29,18,20,2,0,0
40,16,19,1,0,1
90,4,6,6,1,0
30,17,20,2,0,1
81,22,23,3,0,0
84,20,21,2,0,0
55,17,21,4,0,0
16,7,8,1,0,0
46,14,15,4,0,1
62,12,14,2,0,0
7,12,13,6,1,1
80,15,17,4,0,0
45,21,23,0,0,1
59,19,21,2,0,1
56,12,15,5,1,1
48,19,21,4,0,0
27,1,4,3,0,0
53,2,4,2,0,0
87,14,17,6,1,0
88,22,2,5,1,0
73,18,22,6,1,1
35,12,15,0,0,1
51,4,8,3,0,0
84,21,22,2,0,0
37,5,7,6,1,0
81,13,16,3,0,1
95,3,7,2,0,1
57,21,1,2,0,0
8,18,19,1,0,0
79,22,0,4,0,1
95,6,7,2,0,0
94,3,6,0,0,0
20,1,5,5,1,0
53,6,10,4,0,0
12,2,6,1,0,0
49,14,15,4,0,1
17,0,1,4,0,1
64,1,3,2,0,1
42,9,12,0,0,1
94,15,17,2,0,0
29,14,16,6,1,1
19,23,3,0,0,0
11,14,15,6,1,0
98,13,16,0,0,0
50,21,23,3,0,0
71,13,16,2,0,1
58,5,9,6,1,0
34,13,15,1,0,1
20,16,17,5,1,0
50,17,19,4,0,1
88,19,23,3,0,0
10,18,20,6,1,1
32,16,20,1,0,0
52,15,17,5,1,1
15,7,10,5,1,1
84,6,7,2,0,0
3,19,23,0,0,1
37,11,14,6,1,1
40,8,12,2,0,0
72,13,15,5,1,0
40,19,23,2,0,1
56,0,4,3,0,0
23,9,10,6,1,1
11,16,19,1,0,1
64,16,18,5,1,0
8,16,17,6,1,0
93,3,7,3,0,0
94,16,17,1,0,1
56,17,21,3,0,0
60,19,21,4,0,1
10,22,2,0,0,1
39,1,2,0,0,0
28,7,8,0,0,1
49,12,16,4,0,1
36,22,1,5,1,0
13,21,22,5,1,1
96,19,22,4,0,1
36,21,0,0,0,0
26,14,17,0,0,0
86,19,22,1,0,1
4,22,23,1,0,0
95,8,9,2,0,0
82,2,5,6,1,1
64,2,3,6,1,0
38,1,4,6,1,0
88,0,3,3,0,0
87,13,16,1,0,1
22,16,20,1,0,0
2,12,14,1,0,1
31,18,19,1,0,1
11,22,23,4,0,0
92,14,17,2,0,1
46,13,17,1,0,0
96,1,5,5,1,0
62,6,7,3,0,0
69,16,19,6,1,1
64,17,18,1,0,0
10,5,8,4,0,0
40,20,23,5,1,1
24,7,9,6,1,1
99,1,4,0,0,0
44,0,2,0,0,0
60,15,16,6,1,0
62,6,7,2,0,0
87,21,1,0,0,0
17,23,1,1,0,0
65,10,11,6,1,1
95,14,16,4,0,0
95,12,13,2,0,1
57,23,1,5,1,1
55,1,3,1,0,0
53,13,16,0,0,0
56,23,0,3,0,0
98,5,9,1,0,0
9,8,11,3,0,0
22,6,10,5,1,1
13,17,19,3,0,1
89,23,2,5,1,1
48,8,10,2,0,1
18,22,23,4,0,0
76,3,4,0,0,0
40,8,12,0,0,0
17,3,4,1,0,0
15,11,15,6,1,0
15,3,5,0,0,0
79,23,2,2,0,0
63,19,20,0,0,0
39,13,15,1,0,0
13,23,2,0,0,0
81,23,1,4,0,0
32,6,10,5,1,1
9,12,14,3,0,0
40,21,1,3,0,0
20,7,11,5,1,1
90,22,23,3,0,0
91,4,8,4,0,0
85,11,15,2,0,0
82,12,14,1,0,1
77,19,23,4,0,1
80,13,17,1,0,1
73,17,19,2,0,1
63,23,2,4,0,0
76,19,20,0,0,0
44,3,5,6,1,0
38,20,0,2,0,1
83,17,19,3,0,0
60,6,9,4,0,1
71,14,16,2,0,1
99,20,22,2,0,1
48,5,7,4,0,0
18,15,17,3,0,0
16,19,23,5,1,1
55,23,1,3,0,0
39,7,10,2,0,0
68,20,22,1,0,0
59,15,17,5,1,0
89,21,1,5,1,0
96,15,19,2,0,0
62,2,4,4,0,0
13,16,20,4,0,0
81,8,12,4,0,0
6,2,4,3,0,0
83,19,23,0,0,0
77,6,7,4,0,0
60,17,18,4,0,1
90,11,12,5,1,1
14,18,22,1,0,0
95,15,16,1,0,1
54,21,0,2,0,0
4,23,0,2,0,0
39,16,19,2,0,1
72,19,23,4,0,1
25,14,15,1,0,0
77,0,3,2,0,0
32,1,5,1,0,0
59,7,8,4,0,0
63,21,23,5,1,0
38,1,2,4,0,0
92,18,19,2,0,1
53,8,9,4,0,1
94,8,10,4,0,0
67,12,15,1,0,1
28,5,8,0,0,0
3,14,16,3,0,1
98,18,19,2,0,1
80,20,21,6,1,1
22,14,15,0,0,0
96,17,20,5,1,1
38,6,9,6,1,0
72,10,12,2,0,1
72,7,11,0,0,0
62,5,7,4,0,1
57,7,10,2,0,0
6,1,2,0,0,0
78,18,19,3,0,0
32,15,16,4,0,0
99,6,7,2,0,0
10,9,13,5,1,1
3,11,13,5,1,0
59,16,18,2,0,1
76,6,9,0,0,0
49,21,23,2,0,1
59,7,11,6,1,1
31,6,10,4,0,1
93,3,7,1,0,0
69,2,3,5,1,1
62,18,21,0,0,0
52,14,18,3,0,1
89,3,5,2,0,0
41,8,10,4,0,0
31,12,14,2,0,1
85,17,21,3,0,0
84,20,0,4,0,1
22,15,17,3,0,0
4,0,4,4,0,0
13,3,5,1,0,0
45,17,18,5,1,1
42,7,11,4,0,0
49,19,20,3,0,1
20,15,16,0,0,0
77,20,0,5,1,0
81,10,12,6,1,1
54,19,22,1,0,1
36,20,21,2,0,1
97,20,0,1,0,0
1,20,21,1,0,1
15,18,20,2,0,1
77,22,2,4,0,0
17,18,21,1,0,0
24,17,21,5,1,1
58,18,19,1,0,0
72,10,14,0,0,0
91,2,6,5,1,0
23,7,8,0,0,0
46,19,22,5,1,1
72,18,20,3,0,1
8,9,13,2,0,1
59,15,18,5,1,1
90,4,6,5,1,0
59,19,20,4,0,1
13,8,11,4,0,0
39,7,10,3,0,0
28,10,14,4,0,1
89,15,16,6,1,1
61,6,10,6,1,0
16,14,15,4,0,1
2,23,1,6,1,0
82,20,0,0,0,1
17,19,20,6,1,0
30,22,23,4,0,0
13,16,19,4,0,0
96,5,9,6,1,1
93,14,18,3,0,0
94,7,9,3,0,0
82,6,7,1,0,0
13,1,4,4,0,0
43,12,13,4,0,0
85,22,23,5,1,1
94,5,6,4,0,0
21,4,8,0,0,0
55,19,20,6,1,0
81,0,2,5,1,0
40,17,20,4,0,1
83,14,17,0,0,0
15,22,23,1,0,0
73,9,12,5,1,1
52,2,3,6,1,0
74,4,8,6,1,1
95,23,2,2,0,0
53,12,16,4,0,1
87,7,11,5,1,1
52,21,23,6,1,0
30,20,22,3,0,1
33,1,4,5,1,0
57,8,9,3,0,1
52,16,17,4,0,0
9,17,18,0,0,0
54,12,13,3,0,0
1,0,2,5,1,0
44,11,12,5,1,0
99,19,20,6,1,0
75,19,23,3,0,0
98,20,21,1,0,0
80,4,5,6,1,0
9,7,9,1,0,1
32,14,17,1,0,0
15,2,6,3,0,0
12,5,9,3,0,0
97,12,15,5,1,0
78,11,15,4,0,0
57,18,19,4,0,1
8,17,18,0,0,0
72,23,2,3,0,0
27,0,2,6,1,0
62,6,8,6,1,0
12,11,15,4,0,0
65,9,11,4,0,0
42,11,13,1,0,0
62,10,12,1,0,1
11,3,5,6,1,0
43,18,20,6,1,1
95,5,7,1,0,0
17,8,10,2,0,0
97,19,23,4,0,0
32,9,10,1,0,1
93,4,6,1,0,0
85,12,13,3,0,0
85,8,11,6,1,1
40,1,2,5,1,0
23,17,20,1,0,0
56,20,0,3,0,1
6,0,1,0,0,0
86,23,2,1,0,0
50,20,21,5,1,1
37,11,15,3,0,0
64,9,10,5,1,0
54,1,4,1,0,0
72,8,10,0,0,1
49,1,3,1,0,0
99,22,0,3,0,0
11,23,3,0,0,0
88,21,23,0,0,1
49,13,17,0,0,0
21,10,12,2,0,1
66,22,2,3,0,0
63,10,14,2,0,1
83,16,17,5,1,0
28,3,5,0,0,0
17,12,13,2,0,0
6,6,9,1,0,0
19,15,17,2,0,0
56,0,2,4,0,0
28,12,14,5,1,1
66,0,2,0,0,0
38,10,11,0,0,1
37,5,6,6,1,0
68,19,23,5,1,0
86,2,3,5,1,0
90,11,15,3,0,1
49,4,7,1,0,0
43,8,9,6,1,1
36,11,15,5,1,1
58,9,11,6,1,1
13,18,21,5,1,1
52,4,8,6,1,0
58,4,7,3,0,0
32,8,10,5,1,1
81,19,21,2,0,1
100,16,20,4,0,0
60,9,13,4,0,0
83,20,22,4,0,0
58,0,4,5,1,1
99,21,23,6,1,0
56,15,16,4,0,0
28,14,18,1,0,1
1,22,1,2,0,0
42,16,18,4,0,1
82,19,20,0,0,1
48,12,16,5,1,0
40,0,2,2,0,0
97,7,8,1,0,0
63,4,8,4,0,0
76,5,7,1,0,0
72,22,0,5,1,1
88,19,21,4,0,0
80,13,17,0,0,1
4,21,22,2,0,0
38,22,0,6,1,0
27,10,11,0,0,1
9,5,6,4,0,0
16,10,13,3,0,1
56,12,13,2,0,0
76,11,12,1,0,1
31,21,22,4,0,0
88,1,2,0,0,0
14,20,21,5,1,1
25,2,6,6,1,1
34,22,1,3,0,0
67,3,5,6,1,0
24,16,19,5,1,0
73,21,0,4,0,0
26,5,7,1,0,0
20,6,7,0,0,0
64,14,16,2,0,0
10,10,11,3,0,1
83,23,1,4,0,0
67,2,6,4,0,0
24,5,8,4,0,0
5,1,2,4,0,0
67,13,16,0,0,1
58,8,9,2,0,1
27,17,19,1,0,1
80,18,20,3,0,1
15,11,13,6,1,0
35,12,16,4,0,0
76,11,13,5,1,1
53,11,13,4,0,0
44,17,21,2,0,0
26,8,11,2,0,1
47,16,19,0,0,0
34,20,21,0,0,0
87,15,18,5,1,1
95,16,17,5,1,0
50,20,21,0,0,0
84,23,2,3,0,0
12,7,10,5,1,0
87,10,14,0,0,0
4,23,0,4,0,0
87,1,4,0,0,0
48,7,10,6,1,1
55,11,15,3,0,1
1,20,23,0,0,1
89,0,2,0,0,0
66,22,0,4,0,0
30,12,13,5,1,0
3,21,1,4,0,0
21,20,23,6,1,0
89,16,17,6,1,1
84,13,16,4,0,1
49,13,15,0,0,1
86,15,18,4,0,0
85,16,19,2,0,0
62,5,8,1,0,0
97,6,8,1,0,0
38,0,2,4,0,0
15,14,18,5,1,1
52,19,21,3,0,1
79,20,21,6,1,1
46,17,20,4,0,1
25,12,14,5,1,0
21,23,0,4,0,0
88,1,3,0,0,0
5,18,21,6,1,1
70,14,15,6,1,1
47,11,13,5,1,0
87,14,16,6,1,0
68,17,18,3,0,0
91,13,17,4,0,1
18,5,6,2,0,0
21,11,12,5,1,0
92,19,20,1,0,0
99,22,23,5,1,0
86,5,7,2,0,0
23,8,9,6,1,1
64,3,4,2,0,0
67,16,19,6,1,1
40,1,3,2,0,0
10,15,18,3,0,0
89,23,1,3,0,0
52,13,17,5,1,1
72,7,11,3,0,0
75,13,15,1,0,0
61,1,5,6,1,0
64,15,19,0,0,1
5,3,5,5,1,0
53,0,1,4,0,0
55,22,1,4,0,0
37,19,21,5,1,1
56,13,15,0,0,1
59,7,9,4,0,0
93,2,5,5,1,0
69,4,6,5,1,0
73,5,8,2,0,0
59,21,0,1,0,0
2,7,11,4,0,0
65,5,6,1,0,0
60,5,9,6,1,0
51,3,5,5,1,0
30,6,8,0,0,0
11,23,2,5,1,0
92,18,22,4,0,1
76,6,9,1,0,0
39,2,6,2,0,0
90,7,11,2,0,0
77,0,4,5,1,0
72,0,4,0,0,0
63,13,17,6,1,0
64,5,6,3,0,0
61,9,11,4,0,0
54,13,17,5,1,1
92,3,7,2,0,0
94,5,8,2,0,0
73,15,17,0,0,1
95,20,22,2,0,0
58,0,2,4,0,0
85,5,9,0,0,0
56,8,11,1,0,1
34,14,16,0,0,0
31,11,14,6,1,0
52,2,3,4,0,0
89,10,11,6,1,1
76,14,17,4,0,0
1,2,6,1,0,0
55,13,15,5,1,1
22,1,2,0,0,0
40,3,4,4,0,0
1,18,21,4,0,1
65,11,15,1,0,0
63,1,4,3,0,0
54,16,19,0,0,0
42,2,5,4,0,1
21,9,12,2,0,1
79,15,18,1,0,0
81,21,1,3,0,0
22,8,11,3,0,1
38,10,14,1,0,1
99,20,22,3,0,1
80,14,16,4,0,0
8,2,4,3,0,0
62,15,17,0,0,1
47,20,21,2,0,1
17,20,0,4,0,0
17,20,22,1,0,1
90,11,12,2,0,0
13,22,2,5,1,0
17,4,5,4,0,0
38,6,7,2,0,0
81,8,11,3,0,0
78,20,21,5,1,0
45,17,18,1,0,1
6,20,0,1,0,1
35,7,8,0,0,0
14,11,14,3,0,0
72,19,21,0,0,0
61,1,3,0,0,1
15,9,13,3,0,0
54,18,22,4,0,0
27,8,9,5,1,1
13,23,3,6,1,0
31,7,8,0,0,0
35,23,3,2,0,0
60,23,1,5,1,0
6,23,1,4,0,0
69,0,2,3,0,0
86,5,7,1,0,0
58,11,12,4,0,0
49,23,0,0,0,0
23,18,19,2,0,0
89,16,18,5,1,0
34,1,4,3,0,0
26,10,12,1,0,0
47,17,19,5,1,0
5,22,1,2,0,0
90,21,0,6,1,1
20,10,14,1,0,1
6,17,19,3,0,1
70,7,10,5,1,0
59,14,18,4,0,0
64,8,11,0,0,0
18,14,17,3,0,1
4,6,10,2,0,0
17,19,21,4,0,1
14,12,16,5,1,1
78,12,14,1,0,0
13,0,3,4,0,0
7,19,23,4,0,1
44,3,4,2,0,0
15,23,2,0,0,0
19,3,7,6,1,0
63,3,6,4,0,0
35,12,16,4,0,0
81,1,3,0,0,0
35,22,23,0,0,0
19,14,17,1,0,0
20,3,4,5,1,0
100,5,7,1,0,0
35,2,6,0,0,0
32,6,7,6,1,0
48,5,9,3,0,0
44,2,4,0,0,0
24,3,6,1,0,0
61,9,11,2,0,0
17,20,21,2,0,0
71,8,9,5,1,1
50,5,6,4,0,0
65,19,23,6,1,1
99,10,13,2,0,1
32,6,7,1,0,0
36,17,18,2,0,0
13,3,4,6,1,0
70,4,6,6,1,1
58,3,4,3,0,0
14,3,5,0,0,0
37,12,13,0,0,0
79,15,17,1,0,0
68,13,17,4,0,0
40,10,14,6,1,1
59,1,3,0,0,0
80,21,0,2,0,0
92,13,16,6,1,1
16,23,1,3,0,0
62,23,3,4,0,0
4,6,8,4,0,0
45,10,13,4,0,0
90,3,5,0,0,0
28,6,10,5,1,1
96,15,18,4,0,0
66,5,8,1,0,1
31,5,6,2,0,0
3,1,2,5,1,0
8,23,2,3,0,0
24,7,10,2,0,0
15,6,8,1,0,0
43,23,3,1,0,0
31,13,16,6,1,0
73,8,12,5,1,1
45,14,17,2,0,1
66,21,1,0,0,0
8,17,18,6,1,1
71,11,14,1,0,0
57,22,0,4,0,0
80,18,22,3,0,0
99,12,15,3,0,0
30,6,7,1,0,0
74,9,10,4,0,1
18,9,10,2,0,1
69,1,2,3,0,0
93,13,16,4,0,1
39,12,14,4,0,1
60,21,1,0,0,0
98,5,7,1,0,0
43,8,12,4,0,1
45,12,14,6,1,1
23,8,11,2,0,1
69,12,15,3,0,1
94,4,8,6,1,1
6,13,16,0,0,1
56,4,8,2,0,0
4,8,10,3,0,1
93,7,10,1,0,0
23,6,9,2,0,1
6,7,11,3,0,0
32,21,1,0,0,0
18,2,6,6,1,0
15,22,2,3,0,0
40,23,0,4,0,0
96,14,18,0,0,1
73,7,8,2,0,0
74,0,2,5,1,0
84,6,10,1,0,1
6,18,19,6,1,1
63,1,2,0,0,0
67,13,14,6,1,1
11,17,20,0,0,0
43,14,15,0,0,1
17,13,17,3,0,0
96,23,3,4,0,0
4,18,22,5,1,1
63,18,19,1,0,0
68,21,22,6,1,0
81,16,19,1,0,0
41,21,23,4,0,0
83,18,21,3,0,1
5,15,19,3,0,0
32,19,23,4,0,0
86,18,22,6,1,1
70,0,3,4,0,0
35,18,22,2,0,1
22,6,10,3,0,0
65,22,2,6,1,1
84,10,11,0,0,1
22,4,6,1,0,0
11,16,17,3,0,0
77,10,11,4,0,0
3,23,1,0,0,0
9,7,9,2,0,0
60,9,12,5,1,1
76,11,13,2,0,1
87,9,12,0,0,0
14,12,15,6,1,1
97,17,18,6,1,1
18,9,13,0,0,1
73,18,19,6,1,0
23,19,20,4,0,0
74,16,18,6,1,0
83,19,21,5,1,0
47,15,18,4,0,0
69,4,7,1,0,0
47,2,5,6,1,0
87,14,16,5,1,1
30,1,4,5,1,0
25,12,15,1,0,1
28,21,23,2,0,0
98,7,11,0,0,0
25,22,23,2,0,0
74,16,18,6,1,0
78,3,6,6,1,0
58,18,19,4,0,0
94,21,23,3,0,0
41,8,9,6,1,1
25,22,23,6,1,1
78,14,18,4,0,0
99,8,11,3,0,1
48,23,1,0,0,0
98,20,23,0,0,1
10,8,12,5,1,1
99,13,17,0,0,0
75,22,0,1,0,0
11,20,22,1,0,1
85,15,19,3,0,0
21,23,1,2,0,0
86,22,23,5,1,0
45,16,17,2,0,0
7,12,16,3,0,1
81,8,11,1,0,0
64,14,16,4,0,0
64,6,8,6,1,0
2,0,1,5,1,1
76,0,2,3,0,0
42,4,7,2,0,0
82,23,1,3,0,0
54,8,10,3,0,1
75,11,12,0,0,0
16,5,7,1,0,0
18,12,16,5,1,1
99,7,11,0,0,0
59,14,17,1,0,0
90,5,8,3,0,0
16,5,8,1,0,0
6,3,6,2,0,0
57,10,11,5,1,1
47,20,22,0,0,0
48,17,18,5,1,1
42,2,5,3,0,0
76,2,4,2,0,0
60,11,15,1,0,0
77,20,21,6,1,0
4,20,22,1,0,0
2,5,9,2,0,0
90,20,0,6,1,1
59,5,8,1,0,0
27,7,11,0,0,0
27,14,18,4,0,0
79,17,20,1,0,1
72,19,21,3,0,1
7,15,17,1,0,1
63,5,8,5,1,0
46,20,21,3,0,0
63,16,19,1,0,1
12,8,10,1,0,1
13,18,19,3,0,0
43,17,20,0,0,1
17,22,0,6,1,1
63,4,6,6,1,0
81,5,7,4,0,0
36,11,15,4,0,0
85,10,14,6,1,0
8,15,16,0,0,0
69,19,20,1,0,1
90,16,17,4,0,1
80,19,23,0,0,0
36,8,9,0,0,1
28,0,2,4,0,0
93,2,4,6,1,1
47,20,21,3,0,1
76,22,23,2,0,0
30,8,12,6,1,1
23,21,23,3,0,1
16,18,21,6,1,1
14,12,15,1,0,0
74,22,2,3,0,0
71,13,17,5,1,1
52,19,23,2,0,1
37,18,20,6,1,1
29,22,23,2,0,0
67,6,7,0,0,1
15,3,7,5,1,1
100,11,13,1,0,0
47,22,1,0,0,0
46,13,17,3,0,0
52,1,3,3,0,1
19,0,4,4,0,0
77,17,19,0,0,1
21,19,21,5,1,1
64,7,11,0,0,0
37,2,3,0,0,0
27,5,9,0,0,0
55,21,22,2,0,0
29,12,13,4,0,0
20,8,11,6,1,0
25,8,10,1,0,1
70,19,23,1,0,0
63,8,10,1,0,1
36,14,17,2,0,0
2,12,13,4,0,0
22,21,1,5,1,0
96,15,17,4,0,0
16,1,4,2,0,0
18,13,14,5,1,0
69,5,6,0,0,1
54,1,3,3,0,0
100,7,8,0,0,0
30,3,6,1,0,0
45,20,21,0,0,0
19,23,3,2,0,0
87,13,17,1,0,0
34,10,12,3,0,0
13,23,2,5,1,0
43,13,14,5,1,1
62,11,12,1,0,0
93,15,16,6,1,0
100,5,9,6,1,0
22,19,22,0,0,1
52,0,1,6,1,0
52,11,13,4,0,1
36,6,9,4,0,0
73,7,10,5,1,0
19,8,9,4,0,0
38,1,5,1,0,0
70,16,19,4,0,0
79,19,21,2,0,1
57,12,15,5,1,1
20,4,8,3,0,1
9,9,11,4,0,1
32,11,15,2,0,1
4,16,17,2,0,0
50,20,23,1,0,1
82,5,7,5,1,0
5,2,6,1,0,0
20,14,15,3,0,1
87,6,8,3,0,0
75,5,8,0,0,0
37,3,6,3,0,0
22,18,22,5,1,1
58,4,6,6,1,0
68,2,3,6,1,0
93,8,9,5,1,0
44,5,6,1,0,1
34,12,16,2,0,0
77,21,22,0,0,0
42,19,21,6,1,1
9,3,7,6,1,0
95,1,4,3,0,0
7,3,7,2,0,0
68,7,11,1,0,1
19,12,16,4,0,0
94,9,11,0,0,1
31,17,20,5,1,0
35,8,11,2,0,1
57,0,4,1,0,0
85,12,16,1,0,1
61,17,21,0,0,0
31,14,16,0,0,0
83,1,3,3,0,0
95,10,11,3,0,1
53,13,16,5,1,1
32,21,22,5,1,0
66,14,15,0,0,0
59,13,17,0,0,1
10,15,17,2,0,0
2,22,23,3,0,0
66,14,15,1,0,0
60,18,19,6,1,1
88,8,12,6,1,0
17,4,8,6,1,0
96,4,6,3,0,0
16,10,11,3,0,1
16,19,20,0,0,1
46,23,1,6,1,1
39,3,5,0,0,0
31,19,21,3,0,0
88,17,20,4,0,0
1,2,4,4,0,0
11,3,7,5,1,0
85,13,16,3,0,0
4,6,8,6,1,1
71,7,11,4,0,0
26,23,1,5,1,0
50,15,17,5,1,0
12,19,22,3,0,0
95,14,18,5,1,1
81,6,7,0,0,0
97,16,18,0,0,0
75,21,0,0,0,0
92,21,1,1,0,1
96,21,23,0,0,1
65,11,12,6,1,1
47,17,21,0,0,0
92,23,3,3,0,0
53,13,16,4,0,1
71,14,16,6,1,1
2,14,16,4,0,0
24,4,8,0,0,0
4,15,17,0,0,1
19,4,8,0,0,0
26,1,2,5,1,0
75,19,22,3,0,1
40,8,10,3,0,1
50,21,23,3,0,1
43,8,11,4,0,1
75,3,4,6,1,0
67,14,15,6,1,1
12,10,11,1,0,1
67,0,1,4,0,0
27,17,18,3,0,1
54,0,4,2,0,0
66,7,9,1,0,1
49,15,17,0,0,0
16,21,23,5,1,0
2,17,21,4,0,0
60,21,0,5,1,1
54,8,9,1,0,0
30,11,14,6,1,1
84,18,19,2,0,1
38,17,18,1,0,1
28,4,7,4,0,0
25,1,3,3,0,0
96,6,10,0,0,0
10,9,12,3,0,1
60,14,16,3,0,0
42,6,7,4,0,0
40,4,6,3,0,0
97,14,15,3,0,0
77,19,20,4,0,0
42,19,21,4,0,0
47,14,15,2,0,1
37,9,13,3,0,1
80,23,1,1,0,0
22,13,16,6,1,1
57,9,10,0,0,0
84,16,17,5,1,1
27,20,0,0,0,1
41,13,17,4,0,1
80,1,4,5,1,0
34,15,16,4,0,0
32,12,15,6,1,0
90,8,11,6,1,1
89,6,7,2,0,0
66,15,18,3,0,0
12,9,12,4,0,1
40,23,3,6,1,1
73,21,1,4,0,0
76,8,11,0,0,1
90,21,22,3,0,1
73,22,2,2,0,0
10,6,9,6,1,0
96,15,17,4,0,1
98,8,10,4,0,1
48,23,2,4,0,0
20,16,18,0,0,0
39,19,23,6,1,0
60,6,7,4,0,0
66,10,13,4,0,1
65,7,11,0,0,0
51,6,7,4,0,0
36,18,20,3,0,1
24,19,21,3,0,1
27,11,13,0,0,0
2,6,8,3,0,0
31,7,11,5,1,1
57,6,10,5,1,0
78,5,6,5,1,0
66,8,11,2,0,1
29,12,13,4,0,1
15,6,9,2,0,0
12,7,9,3,0,1
28,21,23,0,0,1
84,16,18,5,1,0
24,16,18,0,0,0
21,15,19,2,0,1
10,21,22,3,0,0
78,1,4,6,1,0
18,7,10,4,0,0
88,16,20,6,1,1
14,12,14,3,0,1
34,17,18,5,1,1
58,23,1,3,0,0
76,21,1,0,0,0
22,9,12,1,0,0
70,1,5,5,1,0
36,1,4,6,1,0
45,13,14,4,0,0
36,15,18,5,1,0
22,6,7,5,1,0
78,20,22,4,0,1
80,20,22,6,1,0
61,23,3,5,1,0
100,11,12,0,0,0
56,22,0,3,0,1
89,13,14,0,0,0
96,3,5,3,0,0
33,3,5,1,0,0
45,17,20,5,1,1
36,2,6,1,0,0
20,0,3,2,0,0
18,16,17,6,1,0
38,6,8,3,0,0
67,15,19,0,0,0
23,4,6,0,0,1
96,18,20,5,1,1
16,6,9,0,0,1
59,13,14,2,0,1
69,1,5,4,0,0
68,2,6,0,0,0
21,16,20,5,1,0
78,15,16,1,0,0
95,7,11,6,1,1
78,17,18,0,0,1
70,14,18,0,0,1
12,6,8,0,0,0
16,8,9,5,1,1
81,5,8,6,1,0
87,17,21,4,0,1
14,17,20,0,0,0
61,23,0,4,0,0
71,13,15,4,0,0
46,13,16,6,1,1
32,13,16,6,1,1
15,3,5,2,0,0
44,3,5,1,0,0
17,14,15,0,0,1
41,14,18,0,0,1
54,17,20,0,0,1
44,13,16,4,0,0
98,0,1,6,1,0
5,9,13,3,0,0
27,19,20,1,0,0
87,9,12,5,1,0
78,9,12,0,0,0
79,23,1,3,0,0
43,1,3,3,0,0
97,7,11,6,1,1
31,0,3,3,0,0
99,0,3,1,0,0
17,3,5,3,0,0
92,6,7,5,1,0
83,8,9,0,0,1
54,15,18,5,1,0
62,4,7,0,0,0
87,1,5,2,0,0
32,22,2,4,0,0
40,10,12,3,0,1
13,17,20,5,1,0
84,18,19,4,0,1
35,12,16,4,0,0
5,23,1,4,0,0
73,10,12,4,0,1
29,19,20,4,0,1
70,18,22,0,0,1
25,16,17,1,0,0
95,4,6,3,0,0
22,12,15,3,0,0
66,19,20,0,0,1
45,0,2,5,1,1
69,9,12,0,0,1
91,7,10,6,1,1
89,23,3,4,0,0
72,7,11,1,0,0
1,18,20,3,0,0
84,5,6,5,1,0
44,11,14,2,0,0
87,6,10,0,0,0
96,15,19,2,0,1
75,8,9,3,0,1
39,20,0,0,0,0
54,21,23,3,0,0
88,9,10,0,0,1
75,9,12,5,1,0
29,9,11,3,0,1
54,19,22,6,1,1
90,15,18,2,0,0
16,0,4,1,0,0
99,16,18,5,1,0
20,20,22,6,1,1
46,13,14,5,1,1
67,18,20,0,0,1
65,20,21,2,0,0
58,20,22,3,0,0
53,16,19,2,0,0
1,13,14,5,1,1
81,7,9,0,0,0
66,20,21,2,0,1
29,20,0,6,1,1
84,8,12,3,0,0
70,7,8,4,0,1
8,12,13,5,1,1
29,16,19,1,0,0
51,18,20,1,0,0
33,6,10,5,1,1
3,16,20,4,0,0
60,0,2,0,0,0
35,4,8,2,0,0
69,5,9,2,0,0
91,1,2,4,0,0
76,15,19,6,1,0
84,21,1,4,0,1
20,4,8,3,0,0
73,4,6,3,0,1
39,11,14,1,0,0
4,2,3,0,0,0
19,15,18,0,0,0
91,5,9,6,1,0
45,14,18,4,0,0
43,14,18,1,0,0
13,15,18,1,0,0
13,19,21,3,0,0
60,12,14,2,0,1
57,11,12,6,1,1
86,9,12,0,0,0
92,13,15,6,1,0
52,1,2,1,0,0
53,2,6,3,0,0
86,8,12,3,0,1
43,10,11,3,0,1
83,10,12,6,1,1
72,21,0,2,0,0
72,9,10,1,0,1
42,13,15,4,0,0
90,8,9,4,0,1
26,19,21,3,0,1
23,20,0,3,0,0
43,9,10,2,0,1
77,21,0,3,0,0
28,8,9,5,1,1
9,4,8,1,0,0
20,7,11,3,0,0
56,10,12,3,0,0
83,0,4,1,0,0
39,20,22,0,0,1
51,9,13,5,1,1
12,0,2,5,1,0
79,21,0,4,0,0
95,6,8,3,0,0
55,13,15,1,0,1
78,4,7,4,0,0
11,16,18,6,1,0
26,21,23,6,1,0
42,20,23,2,0,1
27,5,9,6,1,0
11,15,16,6,1,0
38,10,12,0,0,1
98,9,13,3,0,0
43,14,15,0,0,1
19,6,9,3,0,0
64,22,0,3,0,0
6,1,3,3,0,1
46,11,14,0,0,1
42,18,20,5,1,1
92,11,12,2,0,1
65,15,16,5,1,1
99,5,8,1,0,0
72,2,4,1,0,0
59,1,5,6,1,0
52,19,21,5,1,0
47,4,7,2,0,0
7,10,14,6,1,0
11,2,3,2,0,0
61,2,3,3,0,0
68,21,1,3,0,0
25,4,8,1,0,0
12,21,0,3,0,0
26,22,0,6,1,0
12,10,11,3,0,1
43,2,4,2,0,0
51,12,13,0,0,1
37,20,22,5,1,0
46,7,8,4,0,0
53,19,21,4,0,1
88,9,12,3,0,1
80,1,2,3,0,0
13,3,6,5,1,0
89,17,18,4,0,1
54,18,19,2,0,0
57,3,4,4,0,0
4,19,21,4,0,0
75,8,9,6,1,1
96,15,18,4,0,0
49,5,7,3,0,0
7,3,5,6,1,0
11,8,9,3,0,0
92,12,16,5,1,1
54,8,10,4,0,0
87,5,6,3,0,0
45,20,23,5,1,0
23,18,22,4,0,0
28,13,15,2,0,1
57,20,0,3,0,1
26,14,16,0,0,0
25,2,6,5,1,1
54,4,8,3,0,0
29,20,23,2,0,1
83,17,21,2,0,0
97,13,16,3,0,0
36,15,16,1,0,0
14,13,15,5,1,1
78,8,11,4,0,0
35,14,16,4,0,0
30,6,9,2,0,1
92,13,15,3,0,1
17,5,8,1,0,0
67,20,22,5,1,0
80,14,15,0,0,0
30,19,21,4,0,0
93,7,8,6,1,0
45,1,2,5,1,1
79,7,8,5,1,1
89,0,4,1,0,0
51,16,18,5,1,0
47,18,22,4,0,0
53,4,8,3,0,0
64,21,23,4,0,0
38,19,20,0,0,0
64,15,19,3,0,1
87,6,10,2,0,1
89,6,9,1,0,0
7,17,19,4,0,1
22,17,21,3,0,1
81,1,3,5,1,0
82,14,16,3,0,0
41,13,17,4,0,1
74,17,19,2,0,0
10,8,9,4,0,1
57,13,17,2,0,1
7,4,8,5,1,0
50,10,14,4,0,0
91,7,10,3,0,1
52,4,7,0,0,0
33,10,13,0,0,1
1,4,7,5,1,0
53,16,20,6,1,0
60,21,22,6,1,0
34,3,5,3,0,0
4,14,16,0,0,0
17,18,22,5,1,1
4,21,22,2,0,0
43,1,3,3,0,0
90,23,0,6,1,0
4,16,20,2,0,0
1,11,14,3,0,0
71,23,0,2,0,0
94,16,18,2,0,0
50,9,11,0,0,0
73,17,19,3,0,0
61,18,21,4,0,0
35,17,18,0,0,1
8,12,13,2,0,1
24,13,15,2,0,0
83,23,0,6,1,0
36,15,17,4,0,0
50,17,18,6,1,1
43,17,20,4,0,1
27,15,18,2,0,0
32,16,20,4,0,0
78,6,10,1,0,0
18,11,15,6,1,1
28,1,2,6,1,0
29,9,12,0,0,1
16,4,7,3,0,0
99,20,23,6,1,0
47,2,4,4,0,0
59,18,19,4,0,1
31,12,13,1,0,1
4,11,15,3,0,0
37,2,4,1,0,0
17,5,7,3,0,0
39,13,16,6,1,0
48,3,7,6,1,0
46,12,13,0,0,0
90,18,20,4,0,0
48,17,20,0,0,0
39,2,3,3,0,0
4,19,22,4,0,1
30,5,6,6,1,1
30,15,18,1,0,1
22,19,20,6,1,0
75,23,3,6,1,0
66,2,3,2,0,0
12,11,12,1,0,0
94,18,19,2,0,1
36,18,21,1,0,0
18,23,1,3,0,0
90,3,4,0,0,0
53,0,1,2,0,0
71,1,5,3,0,0
1,12,13,0,0,0
58,12,16,0,0,1
90,1,2,4,0,0
87,18,21,6,1,0
90,21,23,4,0,1
6,23,1,6,1,1
70,15,17,4,0,0
44,11,14,2,0,0
72,0,4,2,0,0
24,8,10,6,1,1
86,16,19,0,0,0
19,9,12,2,0,1
18,17,18,0,0,1
95,18,22,3,0,1
30,6,9,1,0,0
42,18,22,0,0,1
33,23,1,0,0,0
74,14,16,3,0,1
12,8,10,6,1,1
94,9,10,4,0,1
27,22,23,5,1,0
39,19,23,6,1,1
9,19,23,4,0,0
21,3,4,4,0,0
76,5,8,6,1,0
29,3,7,6,1,0
33,4,8,0,0,0
62,8,10,0,0,0
15,11,15,2,0,1
2,22,2,2,0,0
52,7,10,1,0,0
44,20,0,1,0,1
54,4,7,5,1,0
18,10,12,6,1,0
3,22,23,2,0,1
7,10,12,6,1,1
43,12,15,0,0,0
82,13,16,3,0,0
38,7,11,2,0,0
37,17,21,0,0,0
58,18,19,6,1,1
33,11,14,2,0,0
59,11,14,4,0,0
95,17,19,2,0,0
11,9,10,6,1,1
68,6,8,6,1,1
82,17,21,5,1,0
68,11,15,6,1,1
98,13,15,4,0,0
93,14,18,0,0,0
88,15,17,4,0,0
22,1,4,2,0,0
66,17,20,4,0,0
44,11,15,5,1,1
6,15,16,3,0,0
42,12,15,4,0,0
25,19,23,6,1,0
57,16,17,5,1,1
85,17,21,4,0,1
55,2,4,1,0,0
16,22,2,3,0,0
95,9,11,0,0,1
14,0,3,6,1,0
39,5,8,5,1,0
28,2,6,4,0,0
96,18,19,3,0,0
92,3,7,0,0,1
51,19,23,3,0,0
49,22,1,5,1,0
9,2,5,1,0,0
58,7,11,5,1,0
45,7,10,5,1,0
22,6,8,0,0,1
32,1,5,0,0,0
69,20,23,4,0,0
87,5,9,2,0,0
69,15,18,5,1,1
42,9,11,0,0,0
53,3,5,5,1,0
96,12,16,5,1,1
59,9,11,0,0,0
74,20,22,1,0,0
39,13,16,1,0,0
15,8,12,5,1,0
71,10,13,1,0,1
29,22,1,5,1,0
3,17,18,4,0,0
83,10,12,0,0,0
10,16,19,5,1,0
92,1,4,1,0,0
29,2,5,1,0,0
79,10,12,3,0,1
35,17,19,3,0,0
6,2,4,6,1,0
12,14,18,1,0,0
38,10,13,6,1,1
77,10,12,6,1,0
93,19,22,6,1,1
19,10,14,4,0,1
67,18,19,2,0,1
8,0,4,5,1,0
8,4,6,3,0,0
84,9,11,5,1,1
47,9,13,3,0,1
4,13,16,0,0,0
51,1,3,0,0,0
85,3,5,1,0,0
67,1,5,0,0,0
45,17,20,0,0,1
8,12,16,2,0,0
87,18,22,6,1,1
16,4,7,4,0,0
77,19,22,1,0,0
67,1,2,2,0,0
9,10,14,1,0,0
60,17,20,4,0,0
78,5,7,1,0,0
77,22,23,5,1,1
71,9,13,5,1,1
15,21,0,5,1,0
71,22,23,0,0,0
98,16,17,4,0,0
41,21,23,2,0,1
22,10,11,2,0,1
24,18,22,3,0,1
44,16,19,2,0,0
1,23,0,6,1,0
10,3,4,5,1,0
80,23,3,6,1,0
72,13,15,6,1,0
56,19,21,5,1,1
89,3,6,3,0,0
50,13,17,0,0,0
12,3,5,2,0,0
89,5,8,4,0,0
81,8,11,3,0,0
60,20,22,2,0,1
26,11,15,0,0,1
78,7,8,6,1,1
41,23,1,4,0,0
36,3,4,4,0,1
23,4,5,6,1,0
43,5,9,0,0,0
6,4,8,2,0,0
69,18,21,6,1,1
43,7,11,1,0,0
25,8,11,2,0,1
18,14,16,6,1,1
62,3,4,6,1,1
13,8,12,3,0,1
43,6,8,3,0,0
78,7,10,2,0,0
28,14,18,5,1,1
18,18,19,3,0,1
59,14,16,1,0,1
60,4,8,5,1,0
63,18,22,1,0,1
57,6,8,4,0,0
92,5,8,3,0,0
51,18,21,6,1,0
56,16,20,5,1,1
27,9,12,2,0,0
32,18,21,5,1,0
9,10,12,6,1,1
96,14,17,4,0,0
84,9,12,1,0,1
92,10,12,4,0,1
97,22,2,0,0,0
68,2,6,3,0,0
46,2,4,2,0,0
98,17,18,1,0,0
67,10,12,4,0,1
26,19,20,2,0,1
8,21,0,3,0,0
6,17,21,6,1,1
80,14,15,2,0,0
24,6,7,3,0,0
48,9,12,3,0,1
94,20,0,3,0,1
45,22,1,4,0,0
13,19,23,6,1,1
69,9,13,3,0,0
25,12,15,2,0,0
20,14,15,6,1,1
82,22,0,0,0,0
82,17,21,2,0,0
66,22,2,4,0,0
74,3,5,3,0,1
45,19,21,6,1,1
47,16,19,0,0,0
63,2,6,4,0,0
76,20,23,1,0,1
77,20,22,1,0,1
55,1,4,1,0,0
75,3,7,0,0,0
19,0,1,6,1,0
35,14,15,2,0,1
53,0,4,0,0,0
26,5,8,6,1,0
14,6,8,0,0,0
45,18,20,6,1,0
44,11,12,0,0,0
88,0,3,1,0,0
65,6,8,5,1,0
51,18,20,6,1,0
43,12,16,6,1,1
86,11,14,6,1,0
23,11,14,2,0,0
56,21,23,5,1,0
19,12,15,5,1,0
82,13,16,0,0,1
76,21,0,2,0,0
55,11,15,5,1,1
92,19,21,3,0,1
92,11,12,0,0,0
60,5,8,0,0,0
59,9,11,0,0,1
33,19,20,3,0,0
19,23,3,3,0,0
28,8,10,1,0,1
52,1,5,4,0,0
49,6,8,2,0,0
37,8,12,4,0,0
26,11,13,0,0,0
99,4,8,5,1,1
98,0,1,0,0,0
99,21,23,5,1,1
40,14,15,1,0,1
80,7,10,6,1,0
38,0,1,4,0,0
77,17,19,6,1,1
87,12,13,6,1,0
54,0,2,0,0,0
22,4,8,4,0,0
16,17,20,1,0,0
28,15,16,4,0,0
35,9,12,5,1,1
60,3,4,2,0,0
45,0,2,6,1,0
46,22,23,1,0,0
72,7,10,4,0,0
55,4,5,0,0,0
86,1,4,3,0,0
85,23,2,3,0,0
26,16,18,1,0,0
85,6,10,3,0,1
25,16,20,2,0,1
65,5,6,1,0,0
6,21,0,0,0,1
23,14,16,0,0,1
64,4,8,1,0,0
87,14,16,3,0,0
43,17,19,3,0,0
23,17,20,0,0,1
96,20,21,2,0,0
30,20,23,5,1,0
77,22,2,3,0,0
18,5,9,2,0,0
87,1,3,6,1,1
79,16,19,3,0,0
97,20,23,5,1,1
21,3,5,1,0,0
57,11,12,4,0,1
23,18,20,0,0,0
91,1,3,1,0,0
45,1,5,3,0,0
44,13,16,5,1,1
82,14,18,0,0,1
88,19,21,4,0,1
47,1,4,4,0,0
40,3,5,5,1,0
51,18,20,5,1,1
42,8,9,3,0,1
7,6,10,0,0,0
50,12,16,6,1,1
48,11,13,6,1,1
84,2,3,3,0,0
91,12,14,4,0,0
6,14,16,1,0,1
91,13,15,1,0,1
9,23,0,2,0,0
57,8,11,4,0,1
31,12,13,6,1,1
21,22,0,6,1,0
90,21,0,4,0,0
40,3,5,3,0,0
45,20,21,2,0,0
77,7,8,5,1,1
49,2,5,2,0,0
87,1,2,0,0,0
20,18,20,3,0,0
92,22,1,5,1,0
17,7,11,5,1,1
28,16,18,6,1,0
41,12,16,1,0,0
66,6,9,0,0,1
25,8,11,2,0,0
58,11,13,1,0,0
41,13,14,4,0,0
6,13,15,3,0,0
75,14,15,2,0,1
38,2,3,4,0,0
6,14,16,5,1,1
45,18,21,6,1,0
75,23,1,2,0,0
14,19,23,1,0,0
66,13,16,0,0,1
40,7,8,1,0,0
3,4,7,3,0,0
99,18,20,6,1,1
97,3,6,3,0,0
24,13,14,2,0,1
19,15,16,1,0,0
18,19,22,0,0,0
64,23,3,5,1,1
88,5,6,3,0,0
35,22,2,0,0,0
62,5,6,4,0,0
1,2,5,2,0,0
100,14,15,0,0,1
25,2,6,2,0,0
45,10,14,4,0,1
49,2,5,0,0,0
98,9,13,6,1,1
89,17,21,0,0,1
16,0,3,5,1,0
98,15,16,4,0,0
93,15,18,6,1,0
19,9,10,6,1,1
23,0,1,1,0,0
83,3,4,0,0,0
25,2,4,5,1,0
16,4,5,0,0,0
54,11,14,5,1,0
73,11,14,6,1,1
1,12,15,3,0,0
42,23,1,6,1,0
19,11,15,1,0,0
97,15,17,0,0,0
34,12,15,4,0,0
80,4,7,2,0,0
55,23,3,4,0,0
18,3,5,1,0,0
34,20,23,3,0,0
89,14,15,3,0,1
45,11,12,3,0,0
6,18,21,5,1,1
21,20,21,4,0,1
70,18,22,2,0,1
96,20,23,6,1,1
48,10,12,6,1,1
39,20,23,2,0,0
31,5,9,6,1,1
10,8,10,5,1,1
30,0,4,0,0,0
18,11,12,5,1,0
60,13,14,2,0,1
88,5,6,2,0,0
73,0,4,0,0,0
95,21,1,4,0,1
15,1,4,4,0,0
4,23,1,1,0,0
63,10,12,4,0,1
40,2,6,3,0,1
9,9,13,3,0,1
9,5,6,1,0,0
26,5,9,2,0,0
4,19,20,1,0,1
81,20,0,0,0,1
16,1,3,1,0,0
15,23,2,1,0,0
99,9,13,5,1,1
52,22,23,3,0,0
69,5,8,0,0,0
5,22,23,5,1,0
20,16,17,0,0,0
79,13,16,1,0,1
18,4,7,5,1,0
2,22,1,5,1,0
93,16,20,0,0,0
13,1,4,0,0,0
4,8,12,4,0,1
42,11,13,6,1,1
74,18,20,0,0,1
61,21,22,5,1,0
95,6,7,2,0,0
8,8,12,0,0,0
67,20,21,3,0,0
63,15,17,4,0,0
9,19,23,3,0,0
94,10,14,6,1,1
11,11,14,3,0,0
99,14,18,2,0,0
42,17,18,4,0,0
13,18,20,6,1,0
36,15,16,1,0,0
13,14,16,5,1,1
12,4,7,5,1,1
37,10,12,0,0,0
74,14,17,5,1,0
73,17,18,2,0,1
52,12,15,5,1,1
71,3,7,2,0,0
2,16,20,1,0,0
56,3,5,2,0,0
60,15,16,1,0,0
23,22,23,1,0,0
40,14,16,1,0,1
64,13,17,2,0,0
85,11,14,6,1,1
23,2,4,1,0,0
29,9,12,6,1,1
78,7,10,2,0,0
90,5,6,4,0,0
51,21,1,1,0,1
69,13,16,2,0,0
95,16,20,2,0,0
89,20,21,6,1,1
31,18,20,2,0,0
50,15,17,0,0,0
20,14,15,6,1,0
55,14,15,6,1,1
81,0,3,0,0,0
2,23,0,1,0,0
25,22,0,5,1,0
13,22,2,4,0,0
92,11,15,5,1,0
70,9,13,1,0,0
67,13,17,3,0,0
58,9,10,3,0,1
99,9,10,4,0,1
82,19,23,6,1,0
75,10,11,4,0,1
84,21,0,4,0,0
64,15,16,0,0,0
69,8,11,0,0,1
83,14,17,3,0,0
86,13,14,4,0,1
59,18,22,2,0,1
60,8,11,5,1,0
83,3,4,3,0,0
62,20,22,4,0,0
16,6,10,2,0,0
88,21,23,4,0,0
68,7,10,6,1,0
15,23,1,1,0,0
89,7,8,2,0,1
55,18,22,6,1,1
35,14,17,5,1,1
55,15,16,1,0,0
14,21,1,6,1,1
49,22,1,0,0,0
83,8,11,3,0,1
100,11,14,4,0,0
7,15,18,3,0,0
30,3,5,5,1,1
83,4,6,4,0,0
49,7,9,1,0,0
89,0,3,2,0,0
16,5,7,2,0,0
51,14,18,4,0,0
72,3,6,1,0,0
82,20,0,4,0,1
92,10,14,4,0,1
80,4,6,6,1,0
83,17,20,4,0,1
42,23,1,2,0,0
17,14,16,5,1,1
63,17,19,4,0,1
45,19,22,2,0,0
77,12,15,0,0,1
7,4,6,1,0,0
27,0,4,0,0,0
10,21,1,4,0,0
34,17,20,2,0,0
36,13,14,1,0,1
25,4,6,3,0,0
6,5,7,1,0,0
24,23,0,1,0,0
18,15,18,4,0,0
87,21,1,6,1,0
6,20,23,0,0,1
29,11,15,0,0,1
25,19,23,3,0,1
55,17,20,4,0,1
81,1,3,1,0,0
46,22,0,6,1,0
24,20,22,5,1,1
75,22,2,0,0,0
26,12,14,0,0,1
98,16,20,2,0,0
28,16,18,1,0,0
3,15,18,4,0,0
75,20,21,0,0,0
38,17,21,6,1,0
61,7,10,4,0,0
78,2,6,1,0,0
51,16,20,1,0,0
90,17,20,0,0,0
48,22,0,3,0,0
21,5,9,4,0,1
54,7,8,4,0,0
56,22,23,2,0,0
94,12,15,6,1,0
59,7,8,1,0,1
72,18,21,1,0,0
51,5,8,0,0,0
20,22,2,0,0,0
96,14,17,0,0,1
86,9,12,2,0,0
59,16,18,6,1,1
71,0,4,3,0,1
9,6,7,0,0,0
1,12,14,0,0,1
29,2,4,5,1,0
63,18,22,6,1,1
72,14,18,0,0,0
56,4,6,2,0,0
68,10,14,4,0,0
35,21,1,3,0,1
3,17,20,4,0,1
7,2,6,5,1,0
27,5,8,1,0,0
1,2,4,1,0,0
91,4,6,0,0,0
80,8,9,5,1,1
71,18,22,4,0,0
44,12,14,2,0,0
87,5,8,3,0,0
41,10,12,6,1,1
75,20,0,4,0,0
42,20,21,5,1,1
33,13,14,5,1,0
50,5,7,6,1,0
63,5,6,4,0,0
100,16,20,3,0,0
37,10,14,4,0,1
59,14,15,4,0,0
81,8,11,3,0,0
99,20,21,2,0,0
48,16,17,6,1,1
5,23,1,5,1,0
48,6,9,3,0,0
96,6,7,0,0,1
3,20,22,0,0,0
47,0,2,0,0,0
62,7,9,0,0,1
99,4,8,6,1,0
14,18,20,1,0,0
63,7,9,2,0,1
61,16,20,1,0,0
31,18,22,4,0,0
95,11,13,4,0,0
17,22,23,3,0,0
24,14,17,0,0,0
23,3,7,3,0,0
82,22,1,4,0,0
50,11,15,0,0,0
78,12,14,6,1,1
79,13,17,5,1,1
79,4,6,2,0,0
70,21,0,4,0,0
27,15,16,5,1,0
15,6,8,3,0,0
50,14,17,5,1,0
36,12,15,3,0,1
8,15,19,4,0,0
79,11,13,1,0,0
3,6,9,6,1,0
62,15,16,6,1,1
47,22,2,2,0,0
77,22,2,6,1,1
98,12,15,5,1,1
88,22,0,6,1,0
96,2,6,5,1,1
61,14,16,4,0,0
32,2,5,6,1,0
94,6,9,4,0,0
13,17,19,6,1,1
1,13,14,3,0,0
34,17,21,0,0,0
62,18,21,0,0,1
79,13,14,0,0,0
78,19,20,3,0,1
93,5,7,0,0,0
98,7,9,4,0,0
82,6,8,1,0,0
71,19,20,1,0,1
93,17,21,6,1,1
31,17,19,1,0,1
64,14,18,0,0,0
25,19,21,1,0,0
38,21,22,5,1,1
14,18,22,0,0,0
8,21,1,5,1,1
91,20,21,4,0,0
54,20,0,5,1,1
2,1,2,4,0,0
81,7,8,3,0,1
78,20,23,3,0,1
89,10,12,6,1,0
56,17,20,5,1,1
94,22,23,2,0,0
93,12,13,4,0,0
84,8,12,0,0,0
85,8,9,2,0,0
61,16,17,4,0,0
22,6,7,0,0,0
35,8,10,4,0,0
16,21,0,4,0,0
50,0,3,0,0,0
43,1,3,4,0,0
17,3,5,4,0,0
80,13,15,4,0,1
58,3,6,6,1,0
2,1,4,3,0,0
4,7,8,1,0,0
85,17,20,4,0,1
39,18,22,6,1,1
98,13,16,0,0,0
94,19,21,5,1,0
6,9,12,4,0,0
81,16,17,6,1,1
89,7,10,3,0,0
69,13,15,6,1,0
69,20,0,3,0,0
20,22,0,5,1,1
64,7,11,4,0,0
16,4,5,2,0,0
51,15,16,5,1,0
37,7,10,1,0,0
73,9,10,0,0,1
69,7,8,6,1,0
42,8,10,0,0,0
57,17,19,0,0,0
66,2,5,0,0,0
9,16,19,3,0,0
100,19,22,6,1,1
86,14,17,1,0,0
64,20,22,4,0,1
86,16,19,4,0,0
22,7,10,2,0,0
34,1,2,4,0,0
55,16,19,1,0,0
29,17,21,4,0,1
38,4,5,3,0,0
97,8,10,5,1,0
18,8,12,4,0,1
71,1,4,0,0,0
65,1,2,0,0,0
97,18,21,5,1,1
1,22,23,0,0,0
88,2,5,0,0,0
4,16,20,3,0,0
4,13,15,3,0,1
82,13,17,3,0,1
27,13,17,4,0,1
43,5,7,5,1,0
59,2,3,0,0,0
32,0,1,2,0,0
33,15,17,5,1,0
28,3,6,2,0,0
55,0,1,0,0,0
100,16,20,1,0,0
60,17,19,5,1,1
70,7,11,4,0,1
62,1,2,2,0,0
80,17,19,5,1,1
34,15,17,5,1,0
87,9,10,3,0,1
88,7,8,1,0,0
56,11,13,3,0,0
13,21,0,1,0,0
56,15,17,1,0,1
18,11,14,4,0,1
54,10,14,5,1,1
77,19,22,3,0,1
43,18,21,3,0,0
39,0,1,2,0,0
61,2,4,5,1,1
42,11,15,0,0,0
81,8,10,0,0,1
79,20,23,2,0,1
18,21,0,1,0,0
23,4,7,2,0,0
54,0,2,2,0,0
30,9,12,3,0,0
98,16,18,2,0,0
58,3,7,6,1,1
68,14,18,1,0,1
67,18,20,0,0,1
71,7,11,4,0,0
18,22,23,5,1,0
7,14,17,2,0,0
40,6,9,5,1,0
70,14,17,2,0,0
86,7,8,6,1,0
65,22,1,5,1,0
68,9,11,3,0,0
49,17,20,3,0,0
52,3,5,5,1,0
29,14,18,2,0,0
21,10,12,6,1,0
90,21,23,6,1,0
78,2,4,2,0,0
9,14,17,1,0,1
47,2,3,0,0,0
76,14,15,0,0,1
42,5,7,6,1,0
51,0,3,4,0,0
56,13,14,0,0,1
51,15,19,4,0,0
70,0,4,3,0,0
20,20,23,4,0,1
88,16,20,4,0,0
27,7,11,0,0,0
38,17,21,6,1,1
72,15,16,2,0,0
65,5,9,6,1,0
54,9,11,3,0,1
24,9,11,1,0,1
47,4,8,4,0,0
71,11,13,4,0,0
83,19,20,5,1,1
86,16,19,4,0,1
63,13,15,6,1,1
57,13,17,2,0,1
55,2,5,1,0,0
60,11,14,6,1,0
99,19,23,5,1,1
62,17,19,6,1,1
30,11,12,0,0,1
93,1,3,3,0,0
22,1,3,2,0,0
75,16,17,1,0,1
84,9,12,3,0,1
29,17,18,0,0,1
41,21,22,3,0,1
42,18,22,5,1,1
98,20,0,4,0,1
65,0,2,4,0,0
31,23,3,2,0,1
30,3,4,3,0,0
18,3,4,6,1,1
17,1,5,4,0,0
38,18,22,2,0,0
14,20,0,2,0,1
87,11,12,5,1,1
89,9,12,2,0,1
79,12,15,0,0,1
56,21,1,6,1,1
22,22,0,4,0,0
67,19,21,4,0,1
56,22,1,1,0,0
19,14,18,0,0,1
57,2,3,4,0,0
44,22,0,5,1,1
98,19,21,4,0,1
35,12,13,1,0,1
1,7,8,3,0,1
52,6,10,3,0,0
85,23,0,0,0,0
93,7,8,2,0,0
70,17,18,1,0,0
37,8,11,1,0,0
65,5,6,4,0,0
51,3,5,5,1,0
1,14,18,4,0,1
91,4,8,5,1,1
21,4,8,1,0,0
53,6,9,2,0,0
16,8,10,3,0,1
61,6,7,0,0,0
54,8,10,6,1,0
40,19,23,5,1,0
26,9,10,3,0,1
80,3,7,0,0,0
92,5,9,2,0,0
65,23,3,1,0,0
100,13,15,2,0,1
74,8,10,5,1,1
64,0,4,1,0,0
43,16,20,4,0,0
17,12,13,0,0,0
59,23,3,4,0,0
23,6,10,1,0,0
7,8,12,6,1,0
44,10,14,0,0,1
53,2,4,0,0,0
71,11,15,4,0,0
79,20,23,0,0,0
34,2,6,1,0,0
46,14,16,6,1,0
68,20,23,5,1,1
78,9,12,5,1,1
78,0,4,1,0,0
16,13,17,4,0,1
71,19,21,2,0,1
96,5,8,1,0,0
19,1,4,5,1,1
2,22,0,1,0,0
10,7,11,0,0,0
50,0,1,0,0,0
81,3,4,1,0,0
12,3,6,4,0,0
70,4,7,2,0,0
22,19,23,0,0,1
32,8,9,5,1,1
84,22,1,6,1,0
1,12,16,0,0,0
54,17,18,5,1,0
58,16,18,6,1,0
70,0,3,2,0,0
83,21,23,6,1,0
18,14,15,0,0,0
6,1,5,6,1,0
45,15,19,4,0,0
97,19,20,5,1,1
23,21,23,0,0,1
23,4,8,0,0,0
26,21,0,1,0,1
77,18,20,4,0,1
7,4,6,4,0,0
79,1,4,1,0,0
44,6,7,6,1,0
27,2,6,5,1,0
26,16,18,3,0,1
97,23,3,2,0,0
79,23,3,4,0,0
36,2,4,3,0,0
55,12,13,5,1,0
64,6,8,2,0,0
91,23,0,4,0,0
57,2,5,0,0,0
69,14,15,4,0,1
61,17,18,2,0,1
2,9,11,6,1,1
55,22,2,3,0,0
97,6,10,6,1,1
80,8,9,0,0,0
87,4,5,2,0,0
38,19,21,5,1,1
80,7,8,6,1,0
78,13,15,2,0,1
29,3,6,4,0,0
26,19,20,5,1,1
35,13,16,1,0,1
79,11,12,1,0,0
67,1,2,6,1,0
87,12,15,0,0,0
29,0,3,2,0,0
34,19,21,3,0,0
97,6,8,0,0,0
41,8,11,5,1,1
41,16,17,6,1,0
23,20,22,0,0,1
71,22,23,6,1,0
3,12,16,4,0,0
58,22,0,5,1,1
32,9,11,3,0,0
31,15,17,2,0,0
82,5,9,5,1,0
43,15,18,2,0,0
7,10,11,2,0,1
1,19,23,0,0,0
61,2,5,4,0,0
14,8,10,0,0,0
52,14,17,1,0,1
96,12,15,1,0,1
6,9,12,2,0,1
10,19,20,4,0,0
71,23,2,5,1,1
90,12,15,2,0,1
98,16,19,5,1,1
30,6,9,2,0,0
100,5,9,0,0,0
21,12,16,2,0,1
60,16,19,2,0,0
81,14,17,4,0,0
97,3,6,4,0,0
74,14,16,6,1,0
63,13,16,5,1,0
42,20,23,4,0,1
51,10,14,2,0,1
64,23,3,4,0,0
76,3,7,4,0,0
56,2,3,3,0,0
80,1,3,3,0,0
41,19,22,1,0,0
32,9,13,0,0,1
15,12,13,6,1,1
62,19,22,6,1,1
27,20,23,0,0,0
28,22,2,4,0,0
81,17,20,1,0,0
64,20,23,1,0,1
59,15,18,5,1,1
58,10,14,6,1,1
2,9,10,3,0,0
36,8,11,1,0,1
71,11,12,2,0,1
13,18,21,5,1,0
15,0,4,6,1,0
89,17,18,4,0,0
87,13,17,2,0,0
60,21,23,0,0,1
22,20,23,6,1,1
63,0,2,3,0,0
90,16,18,2,0,1
97,10,12,4,0,0
75,19,22,2,0,1
74,14,18,2,0,1
25,3,5,1,0,0
48,14,15,3,0,0
43,21,0,0,0,0
38,21,1,4,0,0
41,13,17,5,1,0
45,21,23,5,1,1
88,0,3,4,0,0
40,8,10,0,0,1
97,6,7,4,0,0
17,22,2,1,0,0
88,10,14,5,1,0
57,22,1,6,1,0
2,1,5,5,1,1
96,1,4,6,1,0
62,5,7,2,0,0
88,22,23,1,0,0
9,18,21,5,1,1
68,19,21,1,0,1
81,13,14,1,0,0
17,2,6,0,0,0
50,6,7,5,1,1
94,6,7,6,1,0
40,3,4,3,0,0
58,22,2,6,1,1
75,4,7,0,0,0
85,16,19,0,0,0
21,3,4,1,0,0
18,22,0,3,0,0
55,12,14,0,0,0
29,15,16,3,0,0
24,15,16,5,1,0
74,1,3,1,0,0
17,17,18,0,0,1
18,0,1,3,0,0
42,17,20,4,0,0
84,7,10,6,1,0
45,10,11,0,0,1
82,23,0,0,0,0
17,23,3,0,0,0
73,14,17,3,0,0
14,15,16,2,0,0
49,16,20,5,1,1
29,16,20,6,1,0
95,11,15,0,0,1
4,9,13,4,0,1
82,19,22,4,0,0
20,5,9,1,0,0
47,7,10,2,0,1
9,12,16,2,0,1
77,1,5,3,0,0
79,18,20,1,0,1
27,21,0,6,1,0
15,9,11,3,0,1
92,3,5,1,0,0
19,11,15,5,1,0
90,17,20,2,0,1
52,6,7,6,1,1
26,19,23,5,1,1
89,23,2,6,1,0
26,23,1,3,0,0
26,22,1,1,0,0
46,3,7,2,0,0
92,6,9,2,0,0
49,9,11,6,1,1
82,14,17,6,1,1
96,11,14,6,1,0
53,0,2,0,0,0
3,19,23,3,0,0
66,17,18,0,0,0
97,15,17,6,1,0
42,4,6,6,1,0
19,18,22,2,0,0
17,3,7,3,0,0
33,5,8,3,0,0
76,16,18,5,1,1
49,6,9,4,0,0
56,23,2,1,0,0
63,22,2,4,0,0
3,6,10,4,0,0
49,8,11,6,1,1
55,12,14,2,0,1
26,19,21,5,1,1
99,13,16,1,0,0
72,15,16,6,1,0
52,22,23,6,1,1
100,8,12,4,0,1
7,14,16,4,0,1
46,4,7,3,0,0
46,17,20,2,0,0
100,20,22,4,0,1
16,19,23,1,0,1
24,7,11,0,0,0
61,14,15,6,1,0
54,20,22,0,0,1
62,8,10,2,0,1
1,18,21,0,0,0
49,21,23,3,0,0
25,5,6,3,0,0
10,3,5,1,0,0
80,10,13,5,1,1
16,9,10,2,0,0
58,2,5,2,0,0
72,0,2,6,1,1
29,11,15,0,0,0
92,22,0,4,0,0
6,14,16,4,0,0
16,14,17,5,1,1
20,20,0,6,1,1
80,13,15,4,0,0
71,6,7,5,1,0
78,16,17,6,1,1
43,23,2,1,0,0
26,18,21,2,0,0
90,6,10,0,0,0
78,2,5,1,0,0
71,2,6,3,0,0
33,17,19,3,0,1
26,19,20,3,0,1
45,21,22,5,1,0
84,13,14,5,1,1
63,2,5,6,1,0
67,6,9,2,0,0
52,6,8,3,0,1
68,4,7,5,1,0
26,2,6,6,1,0
75,17,18,5,1,1
2,14,16,4,0,0
14,19,23,5,1,1
30,13,17,3,0,1
49,3,6,1,0,0
12,23,2,3,0,0
90,7,8,6,1,1
44,20,22,6,1,1
33,12,16,6,1,1
13,21,0,4,0,0
78,7,10,3,0,0
88,14,16,0,0,1
98,16,18,4,0,0
26,4,7,2,0,0
21,19,22,3,0,1
28,3,4,5,1,0
48,10,12,1,0,1
100,17,21,3,0,1
40,9,12,1,0,0
66,16,19,6,1,1
73,14,17,6,1,1
87,5,8,0,0,0
79,22,23,2,0,0
77,20,22,5,1,1
23,15,18,4,0,1
81,14,16,4,0,0
48,7,11,2,0,0
2,8,12,0,0,1
84,10,14,0,0,1
20,1,5,6,1,0
59,12,14,3,0,0
46,3,7,0,0,0
3,8,12,3,0,0
55,4,7,1,0,0
12,18,21,2,0,0
40,21,0,1,0,1
66,2,3,1,0,0
100,20,23,1,0,1
78,2,6,1,0,0
16,5,7,4,0,0
83,9,13,0,0,1
34,4,6,2,0,0
44,2,6,2,0,0
6,21,22,5,1,0
77,23,2,1,0,0
64,6,10,2,0,0
100,21,0,6,1,0
22,17,18,3,0,1
18,22,23,2,0,0
12,7,10,6,1,0
52,0,3,1,0,0
94,3,5,2,0,0
51,23,2,0,0,0
71,6,9,1,0,0
96,13,15,4,0,0
48,12,16,6,1,0
19,9,11,0,0,0
6,22,2,2,0,0
84,17,21,4,0,1
27,0,4,5,1,1
53,3,5,0,0,0
48,15,17,5,1,0
7,15,16,3,0,0
59,17,21,0,0,1
69,7,9,4,0,0
11,9,10,5,1,1
15,15,19,3,0,0
64,22,0,5,1,0
3,23,1,2,0,0
69,10,12,1,0,1
23,5,8,5,1,0
53,0,1,2,0,0
37,11,13,1,0,0
9,5,8,1,0,0
15,12,13,4,0,1
3,16,17,6,1,0
93,0,3,3,0,0
70,7,8,6,1,1
17,21,0,3,0,0
26,7,11,0,0,0
21,23,1,2,0,0
72,10,13,4,0,1
21,13,14,5,1,0
11,23,0,2,0,0
38,9,13,5,1,1
72,14,18,6,1,0
88,6,10,5,1,0
35,6,10,6,1,1
14,9,13,6,1,1
14,3,5,5,1,0
10,17,20,0,0,1
12,9,13,6,1,1
38,18,22,0,0,1
34,13,15,4,0,0
41,12,15,0,0,1
10,14,18,4,0,0
17,15,18,0,0,0
17,1,4,3,0,0
67,3,5,4,0,0
62,20,22,3,0,1
95,17,21,6,1,1
1,16,17,3,0,0
12,9,11,4,0,0
4,20,23,2,0,1
42,8,11,6,1,1
13,14,18,6,1,0
98,11,15,1,0,1
85,20,0,0,0,1
86,8,11,5,1,1
4,13,15,0,0,0
82,12,13,5,1,0
69,5,7,2,0,0
19,18,19,1,0,0
2,3,5,2,0,0
12,19,23,1,0,1
81,16,19,4,0,0
74,18,19,4,0,0
98,2,4,5,1,0
6,13,16,3,0,1
8,16,17,3,0,1
51,12,13,5,1,1
11,8,11,4,0,1
63,0,4,5,1,1
57,16,19,3,0,0
12,15,19,5,1,1
73,17,19,4,0,0
2,1,3,2,0,0
8,13,16,0,0,1
11,21,1,4,0,0
53,22,0,5,1,0
100,16,20,4,0,0
10,2,6,4,0,0
85,1,5,3,0,0
84,7,10,5,1,0
8,1,5,3,0,0
36,1,4,5,1,1
93,8,10,3,0,0
76,19,21,3,0,0
14,20,21,2,0,1
54,5,6,4,0,0
85,11,13,2,0,1
86,8,12,3,0,0
21,6,10,2,0,1
50,11,13,6,1,1
94,4,6,6,1,0
39,15,16,4,0,0
20,4,8,4,0,1
88,11,13,3,0,0
87,23,0,4,0,0
7,19,20,2,0,0
9,8,12,1,0,1
1,22,23,4,0,0
26,6,7,2,0,0
38,18,21,6,1,1
38,19,21,6,1,1
61,22,2,2,0,0
44,10,12,6,1,1
86,20,23,2,0,1
44,11,15,4,0,0
74,2,4,1,0,0
62,16,17,3,0,1
6,6,10,3,0,0
17,21,0,4,0,1
51,9,10,4,0,1
38,22,1,6,1,1
24,14,15,0,0,1
51,1,3,5,1,0
10,12,14,1,0,0
72,3,5,2,0,1
21,17,20,5,1,1
70,23,3,2,0,0
85,22,0,5,1,0
57,0,3,3,0,0
39,1,2,5,1,0
88,1,3,4,0,1
33,3,4,1,0,0
59,2,4,3,0,0
18,16,17,6,1,1
56,13,16,5,1,1
92,1,3,1,0,0
57,15,18,4,0,1
96,10,13,6,1,1
76,12,13,2,0,1
48,0,2,6,1,0
42,22,2,0,0,0
27,1,5,1,0,0
74,1,4,2,0,0
52,20,21,1,0,0
42,4,5,1,0,0
32,3,4,1,0,0
26,11,13,4,0,0
25,2,4,3,0,0
75,19,20,1,0,0
23,9,13,4,0,1
98,19,23,0,0,1
57,17,19,3,0,0
52,20,21,4,0,0
87,20,0,6,1,0
93,20,0,0,0,0
31,9,11,6,1,1
64,0,2,3,0,0
71,5,9,4,0,0
33,10,11,0,0,1
85,1,5,4,0,0
2,6,10,0,0,0
18,19,20,1,0,0
47,20,22,1,0,1
33,20,21,3,0,0
98,20,21,0,0,1
84,17,18,1,0,1
35,20,21,3,0,0
51,18,20,2,0,0
18,3,7,1,0,0
88,12,15,1,0,1
72,17,19,5,1,1
30,19,20,4,0,0
44,23,3,2,0,1
53,12,16,0,0,1
10,18,19,3,0,0
87,16,18,2,0,0
52,0,1,0,0,0
49,5,9,1,0,0
11,18,22,6,1,0
66,19,21,5,1,0
58,0,3,6,1,0
90,7,8,3,0,0
36,16,19,3,0,0
33,20,0,2,0,1
47,21,0,4,0,0
13,14,15,0,0,1
40,17,18,5,1,1
89,6,10,5,1,0
68,15,17,6,1,0
42,6,8,2,0,1
19,16,20,4,0,0
82,3,4,4,0,0
94,11,13,4,0,0
19,12,15,3,0,0
58,3,7,0,0,0
23,20,23,0,0,1
54,0,1,6,1,0
80,0,2,2,0,0
65,6,7,1,0,0
12,8,11,2,0,1
24,0,1,0,0,0
34,15,16,6,1,1
53,17,21,3,0,1
8,21,1,2,0,0
18,14,15,6,1,0
57,5,9,1,0,1
5,1,2,5,1,0
26,8,11,2,0,1
30,3,7,6,1,0
54,12,13,4,0,0
13,22,2,1,0,0
83,21,22,4,0,1
29,10,14,3,0,1
3,12,14,0,0,0
90,10,11,2,0,0
58,18,20,6,1,1
76,7,8,2,0,1
2,6,8,4,0,0
75,15,16,4,0,0
28,2,6,0,0,0
82,16,18,6,1,0
77,17,21,2,0,1
86,14,15,6,1,1
76,16,20,0,0,0
2,10,11,4,0,1
7,4,8,5,1,0
26,15,17,6,1,1
90,14,15,4,0,0
88,9,13,1,0,1
76,13,14,4,0,0
16,1,2,4,0,0
23,15,16,6,1,1
40,18,21,5,1,0
60,7,8,0,0,1
73,14,18,1,0,0
32,9,12,1,0,0
15,4,8,2,0,0
13,19,22,5,1,1
5,15,16,3,0,0
75,20,22,2,0,0
74,21,23,2,0,0
52,11,12,2,0,0
77,22,1,1,0,0
41,12,16,0,0,0
53,8,10,6,1,1
50,16,17,4,0,0
15,19,20,1,0,1
7,11,14,4,0,0
40,4,6,4,0,0
28,23,0,3,0,0
32,11,13,6,1,0
99,0,4,2,0,0
15,19,20,3,0,1
100,15,16,2,0,0
85,11,15,1,0,0
70,8,9,4,0,0
65,12,15,3,0,0
4,16,20,5,1,1
11,16,19,1,0,0
26,3,7,1,0,0
61,13,17,5,1,0
37,18,21,2,0,1
23,6,10,4,0,0
93,2,4,2,0,0
85,0,3,2,0,0
91,11,15,1,0,0
40,14,17,2,0,1
77,10,14,0,0,0
23,9,13,5,1,0
16,1,3,6,1,0
94,3,5,5,1,1
61,16,18,4,0,0
68,16,20,5,1,0
80,7,9,2,0,1
31,22,1,2,0,0
53,13,17,3,0,0
25,23,2,4,0,0
44,3,5,4,0,0
12,5,9,5,1,0
90,18,21,2,0,1
97,23,0,0,0,0
92,3,6,3,0,0
9,2,6,0,0,0
12,19,20,2,0,1
69,5,7,4,0,0
54,22,0,4,0,0
54,6,9,6,1,1
28,13,15,0,0,0
56,11,14,6,1,0
99,15,18,6,1,0
69,19,22,1,0,0
98,7,10,2,0,0
98,22,2,4,0,1
77,1,5,5,1,0
58,12,13,1,0,0
78,7,8,4,0,1
75,20,22,5,1,1
42,19,23,4,0,1
38,15,16,1,0,1
68,3,7,0,0,0
53,15,19,2,0,1
33,19,21,6,1,0
71,5,7,1,0,0
56,3,6,1,0,0
72,15,19,6,1,1
51,22,1,4,0,0
74,22,1,5,1,0
43,20,23,6,1,1
15,12,16,1,0,1
38,4,8,2,0,0
15,14,17,6,1,1
5,7,11,6,1,0
93,6,9,0,0,0
83,13,14,5,1,1
54,6,10,0,0,0
51,21,23,0,0,1
10,6,8,2,0,0
12,22,1,4,0,0
4,17,18,5,1,1
95,9,13,5,1,1
18,17,20,6,1,1
80,13,14,2,0,0
36,9,10,5,1,1
25,6,10,1,0,1
87,6,8,3,0,0
76,6,8,6,1,0
98,4,5,3,0,0
36,0,2,3,0,0
67,13,14,0,0,0
9,17,18,5,1,0
61,12,13,6,1,1
53,7,9,2,0,1
18,7,10,5,1,0
43,9,11,2,0,1
35,16,19,5,1,1
63,5,7,6,1,0
98,14,18,6,1,1
78,14,18,0,0,0
4,15,17,6,1,1
93,7,11,1,0,0
41,18,22,3,0,1
45,19,23,3,0,0
50,14,18,5,1,1
79,2,5,0,0,0
28,5,6,3,0,0
42,7,10,5,1,0
80,15,16,6,1,0
76,14,15,4,0,1
69,12,14,5,1,1
98,19,21,2,0,0
1,14,16,3,0,1
39,17,19,3,0,1
96,12,14,4,0,0
90,23,2,6,1,0
17,7,10,1,0,0
91,13,17,5,1,0
88,10,13,1,0,0
35,5,8,5,1,0
46,23,1,4,0,0
42,0,4,1,0,0
39,1,4,0,0,0
90,12,15,4,0,0
49,0,4,6,1,0
62,23,0,5,1,1
38,23,1,2,0,0
23,3,6,6,1,0
22,23,2,6,1,0
4,22,2,2,0,0
49,1,4,2,0,0
59,20,22,5,1,1
73,19,22,6,1,1
68,15,16,3,0,0
71,2,4,4,0,0
87,16,17,4,0,0
2,4,8,1,0,0
49,7,9,4,0,0
88,11,14,6,1,0
95,22,0,4,0,0
31,11,13,6,1,0
40,0,2,1,0,0
48,0,1,4,0,0
51,14,18,4,0,0
43,16,18,0,0,0
98,1,4,5,1,0
55,16,18,1,0,0
88,19,21,0,0,0
49,8,12,3,0,0
90,11,14,1,0,0
80,3,6,6,1,0
57,12,13,5,1,1
77,3,6,4,0,0
15,6,9,6,1,0
27,13,16,4,0,0
68,8,10,0,0,1
80,22,23,0,0,0
64,0,3,3,0,0
94,0,3,3,0,0
30,19,22,5,1,0
36,3,5,4,0,0
67,0,2,6,1,0
86,21,22,2,0,0
86,9,13,6,1,1
49,1,2,3,0,0
76,20,22,4,0,0
55,23,2,6,1,0
85,14,17,6,1,0
56,2,3,3,0,0
68,22,1,6,1,0
95,8,10,6,1,1
44,16,17,1,0,0
31,20,0,0,0,0
58,12,14,4,0,1
87,2,4,6,1,0
53,3,6,3,0,0
84,3,5,0,0,0
79,10,12,6,1,1
23,6,10,6,1,1
28,10,13,2,0,1
16,23,1,3,0,1
37,10,13,4,0,1
21,9,11,1,0,1
79,4,8,0,0,0
17,12,15,0,0,0
37,11,14,1,0,0
77,9,13,4,0,1
19,6,7,5,1,0
30,18,20,2,0,0
45,18,20,5,1,0
18,18,19,6,1,1
78,11,14,1,0,0
62,19,22,2,0,1
36,21,1,4,0,0
100,14,18,3,0,0
84,4,8,3,0,0
52,23,0,5,1,0
19,13,14,4,0,0
44,11,14,2,0,0
7,20,0,5,1,1
44,10,13,1,0,1
68,4,5,5,1,0
34,15,17,4,0,1
66,17,20,6,1,0
69,11,12,4,0,1
55,4,8,3,0,0
10,15,17,1,0,1
96,11,13,3,0,0
42,22,0,2,0,0
41,1,5,2,0,0
77,5,7,0,0,0
69,22,23,4,0,0
10,20,23,1,0,0
10,3,5,1,0,0
91,12,14,3,0,0
60,9,10,5,1,1
51,16,20,5,1,1
21,13,15,3,0,0
8,23,0,6,1,0
65,14,15,5,1,1
92,7,11,1,0,1
78,22,2,3,0,0
85,23,2,5,1,0
30,17,19,0,0,1
85,2,5,4,0,0
49,16,17,0,0,0
9,23,1,5,1,0
17,23,0,2,0,0
69,6,7,1,0,0
58,12,13,0,0,0
57,15,19,0,0,0
62,4,8,3,0,0
95,3,5,3,0,0
52,9,10,3,0,1
61,12,13,5,1,1
40,9,11,6,1,1
38,13,16,6,1,1
43,21,22,2,0,0
63,11,15,0,0,0
19,0,3,4,0,1
100,20,23,3,0,1
50,19,22,2,0,1
33,19,22,5,1,1
13,6,9,2,0,1
78,8,11,3,0,1
97,7,9,1,0,0
62,12,14,0,0,0
93,13,16,3,0,1
43,11,15,4,0,0
49,7,9,0,0,0
36,20,22,2,0,1
10,21,0,6,1,1
95,17,21,4,0,1
6,15,18,0,0,0
57,10,14,4,0,1
1,15,19,2,0,0
71,13,14,3,0,1
58,2,4,6,1,0
91,20,23,4,0,1
21,1,3,3,0,0
92,2,4,6,1,0
80,3,7,2,0,0
56,21,23,6,1,0
87,4,5,2,0,0
20,9,12,4,0,1
54,19,21,4,0,1
25,1,4,2,0,0
28,11,13,4,0,0
5,4,7,4,0,0
21,4,7,4,0,0
18,22,1,5,1,0
47,0,2,4,0,0
70,3,4,0,0,0
57,20,23,2,0,0
93,23,3,2,0,0
19,11,15,1,0,0
97,11,15,3,0,1
65,15,16,1,0,1
3,23,2,4,0,0
42,16,17,4,0,1
21,20,23,6,1,1
99,9,10,0,0,0
40,16,19,0,0,0
67,16,20,0,0,1
25,17,20,0,0,1
55,1,2,0,0,0
84,3,6,0,0,0
52,18,20,0,0,0
44,10,13,0,0,1
98,16,20,6,1,1
85,11,14,5,1,1
56,1,3,0,0,0
55,5,7,2,0,0
87,8,10,0,0,1
70,4,5,3,0,0
77,19,21,0,0,0
87,20,21,5,1,1
73,8,10,6,1,1
81,22,23,4,0,0
66,7,9,5,1,1
19,19,21,5,1,0
83,7,10,4,0,1
7,21,23,0,0,0
63,20,23,6,1,1
42,22,0,6,1,0
42,5,7,0,0,0
59,2,5,4,0,0
20,4,7,3,0,0
73,8,9,1,0,0
17,6,10,2,0,1
27,3,6,4,0,0
47,6,7,0,0,0
2,4,6,2,0,0
63,10,13,0,0,1
62,14,17,1,0,1
100,1,3,1,0,0
19,12,14,4,0,0
17,21,23,2,0,1
69,15,17,5,1,0
39,6,10,6,1,1
82,7,10,6,1,0
71,5,7,2,0,0
81,23,1,5,1,0
39,6,10,1,0,0
36,17,20,0,0,0
40,21,22,6,1,1
45,21,0,5,1,0
4,19,20,5,1,1
25,6,10,4,0,0
69,2,4,3,0,0
30,4,8,1,0,0
76,0,3,5,1,0
68,14,16,1,0,0
88,2,5,4,0,0
29,7,8,0,0,0
73,8,11,2,0,0
68,14,18,1,0,0
51,9,13,4,0,1
24,1,5,4,0,0
14,19,21,4,0,0
69,4,7,6,1,0
18,18,20,6,1,1
42,12,15,6,1,1
57,10,11,2,0,1
83,0,3,6,1,0
12,21,0,1,0,0
82,14,17,5,1,1
17,17,20,4,0,0
30,15,16,2,0,0
88,8,10,6,1,0
75,0,4,0,0,0
99,10,13,3,0,1
23,8,12,1,0,1
81,22,2,2,0,0
1,10,14,3,0,0
79,12,16,3,0,1
32,1,4,6,1,0
9,13,17,2,0,0
15,5,8,5,1,0
28,7,8,5,1,0
24,17,19,2,0,0
60,15,17,2,0,0
35,20,23,4,0,0
86,11,14,0,0,1
27,10,12,5,1,1
83,5,9,4,0,0
76,2,5,3,0,0
20,13,17,3,0,0
65,1,4,3,0,0
85,10,13,2,0,0
49,21,22,1,0,0
1,2,3,4,0,0
10,17,19,1,0,1
47,0,1,6,1,0
59,23,0,0,0,0
96,0,2,0,0,0
62,11,15,4,0,0
86,14,15,3,0,1
18,4,8,6,1,0
46,5,7,5,1,0
32,15,18,0,0,0
27,11,15,1,0,0
92,11,13,1,0,0
18,2,6,5,1,1
39,22,0,2,0,0
49,1,3,3,0,0
93,6,9,2,0,0
82,1,5,4,0,0
44,20,23,0,0,1
72,6,9,5,1,1
54,10,14,5,1,1
95,10,14,5,1,1
34,13,15,2,0,0
71,2,6,2,0,0
36,13,15,4,0,0
18,10,12,1,0,0
38,3,5,1,0,0
59,16,18,6,1,0
9,15,17,4,0,0
73,2,4,5,1,1
72,9,13,1,0,0
51,20,0,4,0,0
35,14,15,1,0,1
82,7,11,6,1,1
5,17,20,4,0,0
14,2,3,1,0,0
92,6,10,5,1,0
30,9,12,2,0,1
4,19,23,2,0,0
39,8,10,6,1,1
84,13,14,5,1,1
64,22,0,1,0,0
25,13,14,5,1,0
28,10,11,4,0,1
76,0,2,2,0,0
66,3,4,0,0,0
78,5,6,6,1,1
22,21,1,1,0,0
31,21,0,0,0,0
23,4,6,0,0,0
48,2,6,6,1,0
20,1,5,3,0,0
38,2,4,0,0,0
55,8,9,0,0,0
68,18,20,5,1,1
79,18,21,3,0,0
88,16,19,3,0,0
89,17,19,3,0,0
1,10,14,6,1,1
7,11,13,4,0,0
57,2,5,3,0,1
95,17,19,5,1,1
12,23,0,4,0,0
5,5,7,1,0,0
50,6,10,4,0,1
42,0,1,1,0,0
12,5,8,3,0,0
18,17,19,3,0,1
66,12,16,1,0,1
74,21,1,2,0,0
79,18,21,5,1,1
94,6,8,4,0,1
17,18,22,5,1,1
68,8,9,5,1,1
71,2,4,0,0,0
62,22,1,3,0,0
41,11,12,4,0,0
95,19,21,5,1,1
34,23,3,4,0,0
70,17,20,5,1,1
45,7,10,3,0,0
58,8,10,5,1,1
51,12,15,1,0,0
34,7,8,3,0,0
44,21,23,4,0,0
15,9,10,6,1,1
78,16,19,2,0,0
70,6,9,5,1,0
50,16,19,1,0,1
32,22,23,3,0,0
67,17,20,0,0,1
3,23,1,6,1,0
86,1,5,6,1,0
86,2,4,3,0,0
74,18,22,6,1,1
51,0,3,4,0,0
67,20,22,4,0,1
76,20,21,0,0,0
93,9,13,1,0,1
48,20,21,4,0,0
17,13,17,1,0,0
7,12,15,1,0,0
13,8,10,3,0,0
66,5,9,1,0,0
4,5,7,5,1,1
10,18,22,4,0,1
88,20,0,4,0,0
17,9,12,2,0,1
52,22,2,6,1,1
6,2,3,1,0,0
83,17,21,2,0,1
69,20,0,3,0,1
96,18,22,2,0,0
74,4,7,6,1,0
9,10,12,1,0,0
91,9,11,6,1,1
77,16,19,4,0,0
83,3,4,3,0,0
21,20,21,1,0,1
24,17,20,3,0,0
4,17,19,0,0,1
24,0,1,1,0,0
59,13,16,0,0,0
99,7,9,2,0,0
3,1,2,1,0,1
68,18,19,0,0,1
40,14,17,5,1,1
48,1,3,4,0,0
54,3,4,2,0,0
35,0,3,1,0,0
95,18,19,1,0,0
56,20,22,4,0,1
89,9,13,4,0,0
40,0,1,6,1,1
77,19,21,0,0,1
68,21,22,0,0,0
46,14,18,0,0,0
78,3,7,6,1,1
13,6,7,3,0,0
27,6,9,2,0,0
6,21,22,1,0,0
17,17,19,2,0,0
36,12,15,4,0,0
99,9,11,5,1,0
81,23,1,2,0,0
2,7,10,2,0,0
77,9,13,0,0,0
52,13,15,4,0,0
66,13,14,2,0,0
52,19,23,1,0,1
92,21,1,0,0,0
43,10,13,6,1,1
90,5,6,2,0,0
22,20,21,4,0,1
55,0,4,5,1,0
67,18,20,1,0,1
99,6,8,5,1,1
60,23,0,4,0,0
58,17,21,4,0,0
12,2,6,4,0,0
88,19,23,5,1,1
69,10,13,3,0,0
84,4,5,1,0,0
39,18,19,4,0,1
13,20,22,3,0,1
41,23,1,0,0,0
57,23,0,3,0,0
53,1,2,0,0,0
12,21,23,5,1,1
13,3,4,6,1,0
74,9,11,6,1,0
97,1,2,3,0,0
57,7,10,5,1,1
40,0,3,4,0,0
80,5,9,3,0,0
45,10,11,3,0,1
35,9,11,4,0,1
3,12,13,0,0,0
5,0,1,4,0,0
90,1,5,1,0,0
11,2,4,6,1,0
71,8,9,6,1,1
56,4,6,3,0,0
10,9,10,1,0,0
34,9,13,4,0,0
67,11,13,6,1,1
72,17,18,5,1,1
31,20,23,4,0,1
75,20,22,2,0,1
71,0,4,1,0,0
66,2,5,6,1,0
70,4,6,2,0,1
41,16,18,1,0,0
63,7,9,5,1,0
32,16,18,2,0,0
20,8,9,2,0,1
57,5,6,1,0,0
98,16,18,4,0,0
50,7,11,0,0,0
80,20,21,4,0,1
25,6,8,0,0,0
12,6,8,1,0,0
71,14,18,3,0,0
39,6,10,4,0,0
17,21,1,2,0,0
45,7,10,4,0,1
11,8,10,1,0,0
70,14,18,3,0,1
23,1,3,3,0,1
91,6,7,4,0,0
70,14,16,4,0,0
38,17,19,5,1,1
2,21,0,4,0,0
86,17,18,1,0,1
84,9,10,0,0,0
89,21,0,5,1,0
79,17,21,0,0,0
93,0,4,2,0,0
72,6,8,6,1,0
37,2,5,1,0,0
49,13,17,5,1,0
52,11,12,3,0,0
33,13,16,5,1,1
22,3,7,2,0,0
5,12,13,3,0,0
18,15,18,5,1,1
38,15,17,3,0,0
37,21,23,4,0,0
94,4,5,3,0,0
95,19,23,5,1,1
64,5,9,3,0,0
10,5,8,1,0,0
79,17,18,4,0,1
42,5,9,4,0,0
48,6,8,2,0,0
44,23,0,4,0,0
82,23,1,0,0,0
87,15,16,1,0,0
97,8,11,2,0,0
16,12,16,0,0,1
54,11,15,3,0,0
35,18,22,6,1,1
98,22,0,0,0,0
28,22,2,2,0,0
2,0,1,4,0,0
94,7,9,1,0,0
13,3,6,6,1,0
41,20,22,2,0,0
80,21,0,0,0,0
59,18,20,6,1,1
69,20,0,0,0,1
92,4,7,2,0,1
53,16,20,6,1,1
45,2,4,5,1,0
20,18,21,5,1,0
24,0,1,2,0,0
61,22,23,5,1,0
91,0,2,2,0,0
94,22,1,4,0,0
58,19,20,6,1,0
27,8,12,2,0,0
26,22,2,3,0,0
7,4,6,1,0,0
42,6,10,1,0,0
47,5,9,3,0,0
53,16,20,0,0,1
59,21,22,0,0,0
38,16,19,0,0,0
69,12,14,6,1,0
87,11,14,0,0,1
92,3,6,4,0,0
98,7,10,3,0,1
53,4,5,1,0,0
15,4,8,3,0,0
96,12,14,1,0,0
26,10,13,0,0,0
48,7,11,4,0,0
95,7,8,2,0,1
19,0,3,2,0,0
9,12,16,5,1,1
64,4,5,0,0,0
93,20,0,0,0,1
54,7,9,3,0,0
51,16,20,4,0,0
39,22,2,4,0,0
4,22,0,3,0,0
3,12,14,4,0,1
64,8,12,6,1,1
29,1,3,6,1,0
11,18,22,4,0,1
97,19,22,6,1,1
58,16,20,2,0,0
75,6,7,4,0,1
27,2,4,6,1,0
97,18,21,0,0,1
21,18,20,2,0,0
39,23,1,0,0,0
95,8,10,0,0,1
46,9,10,6,1,1
66,13,14,6,1,1
91,17,21,3,0,0
36,14,15,5,1,0
75,0,2,4,0,0
82,5,8,4,0,0
65,14,17,4,0,1
63,5,8,4,0,0
99,17,19,6,1,1
35,0,1,2,0,0
31,23,2,1,0,0
28,2,4,0,0,0
1,16,18,5,1,1
25,15,18,5,1,1
43,7,10,1,0,0
84,16,20,1,0,1
67,7,11,1,0,0
63,16,18,6,1,1
51,8,12,2,0,1
2,11,15,1,0,0
82,18,21,2,0,1
64,3,7,6,1,0
74,20,22,3,0,1
69,21,0,3,0,1
9,10,14,5,1,1
2,3,7,3,0,0
34,13,17,2,0,0
60,13,14,2,0,0
61,5,9,0,0,0
31,16,20,1,0,0
10,1,3,4,0,0
76,7,11,4,0,0
36,3,4,1,0,0
85,9,12,4,0,1
49,6,10,4,0,0
70,3,7,6,1,0
49,15,17,4,0,0
3,13,17,5,1,0
74,15,19,2,0,0
5,8,12,2,0,1
90,3,7,2,0,1
61,23,2,1,0,0
85,5,7,3,0,0
90,0,3,5,1,1
26,6,7,5,1,0
72,0,4,4,0,0
5,18,19,0,0,0
15,7,10,2,0,0
16,2,3,6,1,0
1,0,4,5,1,1
16,0,1,5,1,0
37,6,9,0,0,0
3,20,0,4,0,0
52,12,14,5,1,1
47,0,3,5,1,1
95,15,19,3,0,1
13,21,23,0,0,0
80,21,22,6,1,1
55,13,14,6,1,0
21,3,4,4,0,0
66,22,2,4,0,1
54,22,23,2,0,0
27,11,12,3,0,1
38,11,13,4,0,0
90,16,18,3,0,0
58,20,22,2,0,1
62,14,18,6,1,1
46,9,12,0,0,0
89,2,3,5,1,0
11,22,23,5,1,0
72,19,23,1,0,1
8,19,20,1,0,0
97,11,15,1,0,0
71,0,4,5,1,0
64,0,4,3,0,0
21,9,12,1,0,0
72,17,21,0,0,0
63,14,17,4,0,1
85,1,4,3,0,0
64,16,17,5,1,1
20,7,9,0,0,1
8,21,0,6,1,0
58,21,0,5,1,1
46,8,10,3,0,0
31,20,23,3,0,0
93,19,21,3,0,1
9,10,11,2,0,1
15,5,9,4,0,1
94,23,1,1,0,0
26,13,17,2,0,0
10,0,2,4,0,0
29,6,10,5,1,0
80,23,0,1,0,0
36,8,11,6,1,1
84,10,11,2,0,1
37,23,2,2,0,0
86,22,2,0,0,0
71,15,19,6,1,1
23,18,21,6,1,0
41,1,3,2,0,0
93,14,15,3,0,0
80,2,4,5,1,1
28,3,7,6,1,0
48,19,20,2,0,1
38,21,22,3,0,0
31,6,8,4,0,0
14,11,14,4,0,1
97,3,6,6,1,0
73,9,10,3,0,0
91,5,8,0,0,0
88,21,1,0,0,1
77,13,15,4,0,0
90,2,4,5,1,0
29,16,18,2,0,0
51,10,11,6,1,1
49,9,10,6,1,1
43,20,23,4,0,0
92,9,11,4,0,1
92,9,13,3,0,0
72,2,6,0,0,0
87,23,1,5,1,0
93,14,15,3,0,0
5,16,17,4,0,0
42,17,18,1,0,0
7,18,22,2,0,1
42,18,20,4,0,1
36,11,15,3,0,0
27,23,1,1,0,0
58,4,8,1,0,0
46,23,3,4,0,0
66,15,18,5,1,1
25,14,18,0,0,0
73,14,16,1,0,1
27,5,9,6,1,0
1,11,14,2,0,0
87,1,4,3,0,0
74,19,21,3,0,0
42,8,11,3,0,1
52,3,6,6,1,0
25,4,5,4,0,0
54,20,22,3,0,1
67,7,10,6,1,0
6,21,0,3,0,0
58,9,12,2,0,1
70,6,8,6,1,0
53,21,22,0,0,1
66,13,17,5,1,1
58,4,5,4,0,0
82,15,17,4,0,0
87,14,16,3,0,0
2,4,6,2,0,0
76,2,6,1,0,0
22,22,0,6,1,0
37,9,10,3,0,1
20,4,7,6,1,0
24,22,1,3,0,0
84,14,16,4,0,0
65,17,19,4,0,0
65,7,11,3,0,0
81,20,23,4,0,1
1,1,5,2,0,0
94,21,1,1,0,0
3,7,11,1,0,0
46,22,2,6,1,0
55,7,8,1,0,0
75,3,5,6,1,0
88,18,20,3,0,1
86,22,2,5,1,0
64,17,21,3,0,0
45,20,21,3,0,1
26,22,2,2,0,0
77,0,1,1,0,0
65,19,20,4,0,0
24,14,18,4,0,1
74,17,19,0,0,1
35,21,22,0,0,0
24,11,13,6,1,0
28,0,2,5,1,0
100,6,7,6,1,0
80,18,21,4,0,0
16,0,1,1,0,0
59,23,2,6,1,0
81,6,7,3,0,1
54,1,2,4,0,0
79,6,8,5,1,0
16,18,20,5,1,1
15,12,16,4,0,1
98,23,1,0,0,0
11,4,6,1,0,0
65,22,0,4,0,0
79,18,20,3,0,0
90,0,4,3,0,0
68,0,2,2,0,0
43,17,20,3,0,0
69,23,2,4,0,0
99,0,4,4,0,0
13,4,6,3,0,0
10,8,11,0,0,0
75,11,12,1,0,1
82,8,11,5,1,1
98,17,19,4,0,1
41,22,1,3,0,0
50,10,11,5,1,1
87,0,3,3,0,0
71,18,20,4,0,0
59,21,22,2,0,0
39,9,13,1,0,0
3,1,2,4,0,0
76,6,9,5,1,1
7,19,23,3,0,0
49,1,2,2,0,0
26,18,19,6,1,1
33,5,6,4,0,0
48,9,11,1,0,1
79,8,12,2,0,0
2,7,11,5,1,1
71,10,11,3,0,1
32,8,12,0,0,1
4,19,22,6,1,0
20,19,22,6,1,0
36,8,9,1,0,1
32,7,10,2,0,0
28,14,15,4,0,0
77,1,4,4,0,0
1,23,0,2,0,0
60,0,1,4,0,0
56,8,12,6,1,1
35,8,12,6,1,1
30,12,13,6,1,1
54,7,11,2,0,0
36,20,0,1,0,1
55,4,6,6,1,0
89,2,5,4,0,0
80,20,0,1,0,1
58,3,4,3,0,0
83,16,18,3,0,0
65,15,17,3,0,0
69,15,19,3,0,0
51,19,20,4,0,0
22,2,3,2,0,0
88,5,6,4,0,1
53,0,1,5,1,1
100,20,21,4,0,1
36,15,18,1,0,0
68,14,15,2,0,0
36,6,7,6,1,0
52,1,4,0,0,0
53,9,13,0,0,0
82,14,16,6,1,1
50,5,8,2,0,0
80,1,3,0,0,0
41,23,1,2,0,0
18,23,2,1,0,0
22,16,17,1,0,1
66,0,2,4,0,0
21,0,1,0,0,0
100,3,7,6,1,1
44,19,22,2,0,0
47,15,17,1,0,0
39,7,8,4,0,0
29,0,2,0,0,0
54,18,22,0,0,0
90,10,14,0,0,1
85,16,18,1,0,0
17,9,12,1,0,0
80,11,15,0,0,0
60,8,9,1,0,0
31,6,10,0,0,1
73,11,12,3,0,0
95,14,16,1,0,0
78,7,8,2,0,0
49,16,18,1,0,0
2,4,8,0,0,0
48,13,16,2,0,0
14,1,5,4,0,0
59,15,19,2,0,0
97,16,20,2,0,0
99,2,6,1,0,0
58,22,1,5,1,0
58,0,4,2,0,0
51,17,18,2,0,0
84,17,20,6,1,0
2,3,6,0,0,0
41,14,15,1,0,0
83,18,20,0,0,1
82,18,22,1,0,0
16,9,12,4,0,0
4,4,8,5,1,0
12,18,22,2,0,0
29,10,11,6,1,1
7,6,7,1,0,0
14,4,5,2,0,0
12,19,23,2,0,1
99,11,14,3,0,0
5,18,21,0,0,1
81,14,16,5,1,0
32,11,15,6,1,0
74,3,5,1,0,0
43,11,13,4,0,0
81,17,19,5,1,1
69,16,18,3,0,0
45,18,20,0,0,0
9,15,19,4,0,1
49,10,11,4,0,1
33,1,3,2,0,0
100,15,18,0,0,0
100,0,4,3,0,0
18,16,18,1,0,0
9,17,20,1,0,0
62,12,14,3,0,0
57,4,5,2,0,0
29,23,3,2,0,0
78,5,6,4,0,0
25,0,3,0,0,0
15,9,11,4,0,1
6,4,5,6,1,0
42,0,1,6,1,1
29,22,0,1,0,0
79,10,14,3,0,1
93,23,2,0,0,0
4,23,3,3,0,0
82,6,9,0,0,0
57,17,20,5,1,1
49,20,21,1,0,0
44,19,21,1,0,0
80,20,0,5,1,0
75,9,10,0,0,0
14,14,15,2,0,1
3,3,4,0,0,0
62,15,19,1,0,1
64,14,15,6,1,0
45,14,16,3,0,0
82,11,12,4,0,1
58,7,8,3,0,1
20,7,10,1,0,0
58,17,18,3,0,1
89,5,9,2,0,0
57,4,8,2,0,0
77,1,3,6,1,0
68,11,15,0,0,0
78,3,7,3,0,0
97,22,23,3,0,0
92,12,14,1,0,0
52,16,20,0,0,0
37,15,17,0,0,0
8,8,10,3,0,0
44,0,3,4,0,0
98,14,17,3,0,0
5,11,12,3,0,0
69,4,8,3,0,0
31,22,23,2,0,1
45,23,0,5,1,0
9,17,19,0,0,1
32,19,21,5,1,1
33,1,3,2,0,0
67,3,4,4,0,0
30,14,18,1,0,0
76,5,6,6,1,0
29,21,22,4,0,0
3,11,12,0,0,0
90,17,20,1,0,1
57,19,22,5,1,1
30,3,7,4,0,0
9,0,3,0,0,0
26,14,15,6,1,1
2,17,20,6,1,0
62,13,16,4,0,0
3,2,3,1,0,0
46,14,18,1,0,0
68,4,7,4,0,0
25,23,0,2,0,0
51,21,22,4,0,0
13,2,3,5,1,0
44,21,23,4,0,0
35,6,7,4,0,0
55,5,8,2,0,0
87,21,0,3,0,0
9,0,1,1,0,0
2,18,20,5,1,1
61,6,8,0,0,0
41,3,5,1,0,0
44,11,14,1,0,0
64,19,21,3,0,1
31,22,2,1,0,0
47,17,21,1,0,1
2,8,10,2,0,0
96,18,22,2,0,1
82,21,22,2,0,0
77,3,5,2,0,0
69,0,2,2,0,0
58,8,10,5,1,1
44,14,15,0,0,1
74,21,22,3,0,1
56,7,9,4,0,1
43,14,17,6,1,0
89,14,17,5,1,1
34,17,21,2,0,0
30,6,7,3,0,0
71,21,1,4,0,0
70,17,21,1,0,1
55,15,17,5,1,0
67,1,4,1,0,0
13,3,7,3,0,0
3,19,21,0,0,1
26,15,16,0,0,0
57,2,6,3,0,0
24,23,2,6,1,1
53,22,23,6,1,0
70,1,3,0,0,0
43,2,3,6,1,0
60,4,8,0,0,0
58,1,2,1,0,0
49,18,19,6,1,1
42,23,0,0,0,0
76,19,22,0,0,1
100,1,5,3,0,0
66,1,3,0,0,0
11,21,0,6,1,1
98,23,3,6,1,0
90,22,0,5,1,0
18,19,21,2,0,0
85,17,19,2,0,0
100,19,23,3,0,1
52,20,22,2,0,0
46,13,15,1,0,0
44,14,17,5,1,1
22,11,13,5,1,1
53,10,11,3,0,1
59,10,13,6,1,1
94,6,9,0,0,0
30,11,15,2,0,0
8,15,17,1,0,1
98,4,5,6,1,0
57,1,2,3,0,0
73,21,23,6,1,0
20,15,17,3,0,0
25,22,2,0,0,0
19,14,15,4,0,0
5,10,13,2,0,0
75,5,9,1,0,0
79,12,16,3,0,0
72,18,21,6,1,0
83,9,13,2,0,0
87,23,1,6,1,0
27,18,21,1,0,0
40,4,7,5,1,0
96,20,21,5,1,1
26,6,9,1,0,0
27,10,14,5,1,1
62,13,14,3,0,0
83,22,2,2,0,0
50,20,22,1,0,1
42,15,17,3,0,0
29,17,18,2,0,0
39,20,21,2,0,0
60,22,2,3,0,0
41,22,0,2,0,1
33,3,4,4,0,0
83,0,2,1,0,0
83,21,23,1,0,0
97,14,16,2,0,0
16,13,17,3,0,1
23,18,22,0,0,1
7,4,6,5,1,0
26,3,5,2,0,0
96,12,14,0,0,1
12,17,20,2,0,0
72,11,14,0,0,0
5,22,2,2,0,0
92,20,22,3,0,0
69,14,17,5,1,1
49,22,23,6,1,0
26,8,9,6,1,1
5,3,5,0,0,0
22,4,7,4,0,0
79,8,9,3,0,1
13,12,16,5,1,0
28,9,10,2,0,0
33,15,19,0,0,0
23,12,13,5,1,0
97,3,4,1,0,0
18,20,23,3,0,0
30,12,13,0,0,0
26,20,21,3,0,1
16,7,11,0,0,0
77,12,16,6,1,1
39,14,15,1,0,0
33,19,21,4,0,0
26,19,20,1,0,1
48,12,13,2,0,0
65,22,1,3,0,0
38,4,5,4,0,0
2,21,22,3,0,0
6,21,1,5,1,1
46,5,9,0,0,0
50,4,8,2,0,0
38,12,16,2,0,0
88,4,5,3,0,0
18,12,14,6,1,1
27,23,2,2,0,0
41,19,22,3,0,1
72,22,0,0,0,0
92,7,9,0,0,0
74,8,11,3,0,0
17,20,21,1,0,1
62,18,21,1,0,1
29,19,21,0,0,1
58,14,15,4,0,0
70,21,0,1,0,0
78,9,10,3,0,1
22,10,11,0,0,0
6,4,6,2,0,0
26,8,12,2,0,1
39,10,13,6,1,1
12,18,20,1,0,0
99,1,4,4,0,0
14,5,9,5,1,0
22,22,2,1,0,0
51,20,0,4,0,1
23,0,4,1,0,0
48,2,5,2,0,0
71,2,3,4,0,0
50,13,14,2,0,0
89,19,23,6,1,0
13,21,1,3,0,0
85,4,5,3,0,0
10,16,18,0,0,0
55,14,18,2,0,0
9,5,6,2,0,0
79,13,15,6,1,1
52,13,14,0,0,1
2,16,18,3,0,0
25,7,10,3,0,0
13,7,9,4,0,0
98,18,22,4,0,0
51,8,10,5,1,1
58,10,12,6,1,1
34,12,16,3,0,0
35,12,15,5,1,0
3,23,1,1,0,0
59,18,21,2,0,1
70,20,21,4,0,0
48,18,19,1,0,1
64,4,8,4,0,0
19,15,18,0,0,0
67,8,12,2,0,0
82,19,23,5,1,0
73,21,23,5,1,0
76,2,3,4,0,0
5,18,22,3,0,1
67,4,6,6,1,0
11,7,9,5,1,1
94,13,16,0,0,0
68,23,0,0,0,0
69,2,5,3,0,0
1,23,2,0,0,0
91,12,16,6,1,0
92,10,13,2,0,1
63,7,11,4,0,0
29,18,21,0,0,1
82,9,11,2,0,0
12,17,18,3,0,1
77,17,18,4,0,0
41,6,7,3,0,1
2,15,17,4,0,0
37,5,7,6,1,0
45,15,18,0,0,0
80,15,18,0,0,0
48,22,1,4,0,0
24,23,2,2,0,0
99,0,1,2,0,0
22,23,2,2,0,0
100,18,20,1,0,1
11,2,4,5,1,0
58,5,7,5,1,0
46,3,7,5,1,0
29,3,7,2,0,0
35,3,7,0,0,0
15,9,12,6,1,1
60,8,9,1,0,0
95,7,8,2,0,0
42,18,21,0,0,1
43,16,19,1,0,0
80,16,20,0,0,1
74,0,2,4,0,0
49,19,21,0,0,1
64,13,17,1,0,1
32,21,1,2,0,0
64,19,20,5,1,1
2,10,14,1,0,1
24,2,4,2,0,0
87,23,1,2,0,0
66,7,10,6,1,0
38,21,22,3,0,0
31,9,12,6,1,1
26,16,17,4,0,1
29,7,10,3,0,1
67,21,22,5,1,0
78,0,4,1,0,0
25,19,21,3,0,1
48,20,0,5,1,0
65,6,7,2,0,0
53,23,0,1,0,0
67,8,11,3,0,1
90,11,12,0,0,1
18,21,1,5,1,1
9,8,9,5,1,1
38,19,20,4,0,0
87,23,2,0,0,0
21,2,3,1,0,0
65,3,6,3,0,0
21,9,11,2,0,1
27,3,6,3,0,0
70,21,22,6,1,1
44,8,10,1,0,0
100,21,22,1,0,0
28,0,3,1,0,0
45,4,8,1,0,0
17,8,10,6,1,1
40,4,8,5,1,0
3,5,9,3,0,1
76,18,20,0,0,0
76,7,11,2,0,0
66,9,13,2,0,1
46,10,14,4,0,1
86,12,16,5,1,0
87,19,21,1,0,1
30,3,4,1,0,0
69,10,14,1,0,1
9,11,13,5,1,0
85,4,6,0,0,0
11,9,11,1,0,0
69,23,1,4,0,0
99,6,9,4,0,0
91,20,21,0,0,1
66,8,9,5,1,1
88,8,12,1,0,1
31,9,11,6,1,1
33,9,12,3,0,0
39,1,3,3,0,0
94,3,7,2,0,0
46,7,8,0,0,0
37,13,17,3,0,1
92,16,20,2,0,0
60,12,16,4,0,1
31,20,0,2,0,1
11,23,3,1,0,0
87,17,21,1,0,0
2,17,21,4,0,1
27,12,13,0,0,0
99,7,8,5,1,0
2,11,13,1,0,0
21,22,0,1,0,0
58,23,2,2,0,0
5,20,23,2,0,0
52,0,1,2,0,0
45,19,20,3,0,0
85,17,20,6,1,1
93,2,3,4,0,0
20,11,14,0,0,0
61,18,20,2,0,1
38,12,13,0,0,0
20,9,10,6,1,1
25,14,17,2,0,1
2,19,23,1,0,1
32,1,5,6,1,0
26,18,20,0,0,0
70,2,3,3,0,0
41,13,14,2,0,1
67,6,9,5,1,0
97,7,11,4,0,0
1,10,14,1,0,0
51,21,23,6,1,1
5,19,23,6,1,1
13,5,9,2,0,0
19,10,14,6,1,1
12,16,19,0,0,0
48,9,13,2,0,1
25,23,1,1,0,0
57,16,20,4,0,0
35,20,22,4,0,0
76,1,4,4,0,1
94,5,8,5,1,0
5,4,6,1,0,0
98,3,6,5,1,0
22,1,2,5,1,1
77,11,12,6,1,0
57,2,3,2,0,0
47,5,6,1,0,0
54,23,0,1,0,1
3,13,16,6,1,0
53,7,9,2,0,1
84,20,23,3,0,1
31,20,0,5,1,1
69,13,14,4,0,1
88,2,3,0,0,0
33,15,18,5,1,1
72,14,18,0,0,0
88,6,9,2,0,0
50,14,16,0,0,0
84,12,13,3,0,1
16,5,8,1,0,0
76,14,16,4,0,1
77,16,17,0,0,0
39,3,4,0,0,0
89,21,22,2,0,0
46,21,1,2,0,0
96,13,16,6,1,0
88,14,15,1,0,1
47,11,12,4,0,1
44,18,20,6,1,1
9,21,0,6,1,0
87,9,11,0,0,0
50,5,8,1,0,0
77,8,9,4,0,1
60,1,5,1,0,0
96,3,5,0,0,1
15,8,12,2,0,1
36,14,18,2,0,0
63,12,16,2,0,0
69,19,22,3,0,0
86,7,10,1,0,0
80,18,22,0,0,1
41,18,19,1,0,1
74,15,16,2,0,0
24,10,14,5,1,1
82,9,11,5,1,1
49,7,9,1,0,0
18,0,3,4,0,0
7,9,11,5,1,1
4,17,18,5,1,1
90,2,6,1,0,0
69,10,12,6,1,1
60,17,21,3,0,0
55,2,4,3,0,0
16,7,10,2,0,1
99,13,14,0,0,0
90,5,8,6,1,0
82,14,18,4,0,1
29,13,14,6,1,0
23,6,7,0,0,0
14,9,12,0,0,1
79,14,16,4,0,1
49,9,12,3,0,0
33,21,1,6,1,1
25,16,18,5,1,0
21,18,21,2,0,1
17,16,19,1,0,0
23,11,13,3,0,0
57,14,16,2,0,1
81,11,13,5,1,0
58,8,11,3,0,1
14,4,6,6,1,0
93,3,5,4,0,0
20,11,13,0,0,0
30,15,16,4,0,1
19,8,12,5,1,1
53,2,4,1,0,0
56,20,0,4,0,0
77,2,4,5,1,0
82,17,19,0,0,0
23,16,17,3,0,0
62,9,10,2,0,1
33,1,3,5,1,0
18,23,1,5,1,0
73,10,12,6,1,1
33,23,3,1,0,0
32,2,4,3,0,0
61,22,2,5,1,0
54,22,23,5,1,0
17,1,5,2,0,0
19,8,10,0,0,0
91,18,19,4,0,1
70,1,4,6,1,0
99,18,19,3,0,1
34,1,4,2,0,0
84,14,18,2,0,1
25,23,0,4,0,0
68,20,21,3,0,1
74,2,3,3,0,0
74,4,8,6,1,1
88,10,12,0,0,1
85,23,3,3,0,0
11,6,7,6,1,1
91,5,7,5,1,0
16,13,14,4,0,0
90,0,1,3,0,0
61,16,19,0,0,0
94,16,17,2,0,0
80,13,17,5,1,0
7,9,13,3,0,0
16,7,11,4,0,1
99,7,9,3,0,0
16,13,16,6,1,0
40,6,9,1,0,0
12,5,6,0,0,0
35,3,4,2,0,1
21,0,3,1,0,0
50,14,16,4,0,0
43,14,18,3,0,1
100,0,1,0,0,1
17,19,22,5,1,1
32,2,4,6,1,0
41,22,2,6,1,0
6,4,5,3,0,0
88,4,8,3,0,0
27,3,7,3,0,0
20,16,19,5,1,0
25,20,23,3,0,1
66,19,23,0,0,1
9,13,17,5,1,0
92,7,8,5,1,1
53,1,3,1,0,0
61,7,9,4,0,1
38,0,4,5,1,0
3,3,6,1,0,0
84,18,20,0,0,1
70,4,8,4,0,0
97,4,7,5,1,0
55,20,21,2,0,1
1,19,21,1,0,0
70,23,0,0,0,0
45,18,21,0,0,0
98,11,15,0,0,1
47,19,20,6,1,1
79,0,4,4,0,0
26,6,8,3,0,1
14,16,17,2,0,0
54,1,3,4,0,0
71,10,12,4,0,1
46,6,8,5,1,0
31,16,18,6,1,0
88,2,4,1,0,0
59,21,0,2,0,0
95,5,6,0,0,1
29,21,1,4,0,1
96,10,14,2,0,1
17,17,20,1,0,0
14,17,21,3,0,0
36,21,1,2,0,0
58,9,13,6,1,1
24,4,5,6,1,0
63,22,2,0,0,0
91,22,23,6,1,0
25,20,0,4,0,0
59,23,3,3,0,1
32,21,22,1,0,0
82,14,17,0,0,1
18,20,0,3,0,1
37,19,21,5,1,0
26,22,0,5,1,0
9,3,6,1,0,0
99,20,22,0,0,1
64,20,21,6,1,1
72,0,4,4,0,0
20,14,18,1,0,0
54,16,20,6,1,1
86,18,22,3,0,0
83,13,15,0,0,1
30,18,20,5,1,1
53,17,19,5,1,1
92,1,2,2,0,0
99,5,7,0,0,0
63,12,14,3,0,0
11,16,20,3,0,0
31,5,7,2,0,0
49,20,23,6,1,0
100,21,0,3,0,0
94,4,8,6,1,1
87,6,8,6,1,0
19,0,3,0,0,0
12,12,15,6,1,1
15,18,19,5,1,1
31,21,1,1,0,0
43,0,3,5,1,0
37,12,15,6,1,0
79,10,14,5,1,1
29,6,8,0,0,1
26,19,23,6,1,1
2,2,3,3,0,0
84,0,1,2,0,0
15,7,8,2,0,1
4,16,19,4,0,0
86,12,14,2,0,0
50,13,14,2,0,0
38,4,8,3,0,0
23,23,0,1,0,0
59,21,0,1,0,0
90,22,23,3,0,0
75,23,1,2,0,0
28,5,6,0,0,0
66,21,23,5,1,1
8,5,7,6,1,1
29,20,0,5,1,1
11,7,9,1,0,1
18,12,15,3,0,0
55,17,20,0,0,0
50,22,0,2,0,0
14,3,5,3,0,0
74,16,17,1,0,0
99,4,5,6,1,1
9,2,6,0,0,0
99,3,4,0,0,0
11,22,1,1,0,0
63,4,5,0,0,0
76,13,17,5,1,1
67,14,18,6,1,1
53,19,21,1,0,0
39,16,20,5,1,0
78,5,7,3,0,0
56,9,12,4,0,1
28,21,0,6,1,0
75,22,23,2,0,0
39,15,19,3,0,0
25,16,19,5,1,1
21,13,15,2,0,0
10,19,23,2,0,1
43,11,15,5,1,0
15,8,10,5,1,1
83,14,18,6,1,0
48,11,15,1,0,0
86,13,16,4,0,0
21,21,23,6,1,0
60,17,20,5,1,1
96,19,21,2,0,1
50,5,6,2,0,1
23,3,7,3,0,0
13,22,2,4,0,0
69,11,14,4,0,0
4,12,16,2,0,0
92,18,22,4,0,1
78,21,0,3,0,0
72,12,15,1,0,0
9,11,13,2,0,1
35,19,20,0,0,0
21,2,5,2,0,0
58,2,4,2,0,0
18,13,16,1,0,0
97,17,19,5,1,1
72,18,19,5,1,1
81,9,11,0,0,1
43,16,18,0,0,0
95,14,18,0,0,1
98,18,21,5,1,0
6,8,10,6,1,0
86,3,6,1,0,0
78,14,16,4,0,0
67,18,22,0,0,0
12,15,19,4,0,0
100,7,8,3,0,0
12,16,18,1,0,0
66,20,0,4,0,1
2,0,3,5,1,0
15,6,8,6,1,0
23,20,22,5,1,1
29,17,18,0,0,0
81,11,14,6,1,0
96,15,16,0,0,0
7,0,2,6,1,1
94,14,15,4,0,0
28,6,8,5,1,0
14,16,18,4,0,0
44,2,3,3,0,0
30,10,11,1,0,0
81,5,7,5,1,1
32,5,6,2,0,0
70,14,15,5,1,1
88,6,8,3,0,1
6,10,13,5,1,1
27,16,17,3,0,0
82,22,23,5,1,1
88,17,21,3,0,1
24,21,0,6,1,1
34,23,0,0,0,0
40,20,22,4,0,0
47,18,22,5,1,1
79,7,11,1,0,0
75,23,3,0,0,0
86,19,20,3,0,1
24,7,9,1,0,1
65,20,0,0,0,1
18,10,13,2,0,1
44,20,0,5,1,1
76,2,6,5,1,0
57,22,1,3,0,0
28,13,17,0,0,1
71,8,12,0,0,1
23,0,3,3,0,0
85,0,1,2,0,0
34,11,14,5,1,1
11,10,11,4,0,1
86,20,21,2,0,0
35,0,1,3,0,0
93,19,22,4,0,1
42,11,14,0,0,1
28,16,17,6,1,1
82,14,17,6,1,1
78,1,2,2,0,0
82,17,20,6,1,0
92,15,17,2,0,0
24,3,6,6,1,0
8,7,10,5,1,1
53,1,4,6,1,1
72,13,14,5,1,0
4,14,15,4,0,1
91,8,10,0,0,1
100,1,3,2,0,0
5,16,20,4,0,0
97,9,11,2,0,0
49,8,9,6,1,1
98,1,3,5,1,0
30,23,1,0,0,1
72,18,21,6,1,0
63,16,18,0,0,0
47,10,14,1,0,0
26,16,19,4,0,0
57,9,10,5,1,0
37,17,21,5,1,1
98,22,23,5,1,0
7,5,9,6,1,0
40,15,18,3,0,0
92,17,21,2,0,1
39,19,23,0,0,1
62,17,19,2,0,1
92,0,1,2,0,0
78,2,5,3,0,0
53,14,18,0,0,1
4,19,20,1,0,0
82,9,10,5,1,0
25,20,22,4,0,1
7,4,5,2,0,0
28,14,17,3,0,0
69,22,0,3,0,0
67,13,17,4,0,1
95,14,17,4,0,0
20,9,12,6,1,1
83,23,2,0,0,0
11,8,10,2,0,0
67,11,12,2,0,0
87,6,9,4,0,0
7,4,5,5,1,0
23,23,0,6,1,0
61,9,12,1,0,0
71,7,8,2,0,0
34,21,23,3,0,0
19,19,21,5,1,1
58,15,19,4,0,0
9,11,12,2,0,0
48,8,9,0,0,1
82,9,13,4,0,1
41,15,17,3,0,0
48,9,13,0,0,1
45,8,12,6,1,1
25,2,6,4,0,0
78,18,19,4,0,1
25,10,11,2,0,1
19,5,6,0,0,0
39,5,6,6,1,0
79,14,17,4,0,0
80,14,18,5,1,1
27,12,16,3,0,1
74,21,22,0,0,0
63,4,6,5,1,1
68,13,16,2,0,1
19,20,23,1,0,0
28,1,3,6,1,0
85,22,23,4,0,0
78,11,14,1,0,0
33,19,22,4,0,1
10,13,17,5,1,1
83,18,22,2,0,0
30,23,0,2,0,0
22,19,20,2,0,0
3,14,18,2,0,0
82,19,23,0,0,0
75,23,3,0,0,0
48,16,18,4,0,0
2,13,16,0,0,0
76,22,23,4,0,0
54,17,18,6,1,1
6,21,23,0,0,0
40,23,3,0,0,0
93,4,7,0,0,0
94,21,1,6,1,1
2,11,12,3,0,0
73,9,11,6,1,1
2,7,10,2,0,0
93,5,8,6,1,0
97,14,17,3,0,0
74,11,14,0,0,0
98,5,7,0,0,0
55,11,12,3,0,0
72,14,17,5,1,1
60,11,14,4,0,0
97,8,9,2,0,0
6,18,22,6,1,1
19,20,23,4,0,1
96,1,4,5,1,0
27,12,16,2,0,1
1,12,13,1,0,0
33,7,8,2,0,0
40,12,15,6,1,1
32,3,4,4,0,0
69,5,9,2,0,0
17,5,7,1,0,0
8,20,0,1,0,1
57,11,15,0,0,1
42,11,13,6,1,0
98,16,20,1,0,0
9,6,9,3,0,1
87,14,17,4,0,0
35,23,0,3,0,0
71,16,17,5,1,0
79,9,13,3,0,0
53,22,1,4,0,0
54,19,22,5,1,1
84,5,7,3,0,0
25,8,9,3,0,1
67,14,17,6,1,0
62,15,19,5,1,0
55,20,23,3,0,1
46,7,8,1,0,0
24,15,19,4,0,0
98,4,5,4,0,0
46,17,20,4,0,1
22,19,22,3,0,1
11,13,16,1,0,0
48,1,2,4,0,0
8,22,2,2,0,0
39,22,1,4,0,0
35,2,5,0,0,0
49,13,16,2,0,1
46,6,8,4,0,0
38,14,16,3,0,1
8,16,20,4,0,1
54,0,1,1,0,0
37,8,11,1,0,1
91,21,0,4,0,0
92,13,14,6,1,1
40,15,16,3,0,1
34,20,0,3,0,0
96,12,13,3,0,1
79,5,8,4,0,1
17,21,1,4,0,1
33,0,2,0,0,0
47,20,0,1,0,0
52,3,7,6,1,0
80,2,6,2,0,0
93,16,17,2,0,0
9,1,4,1,0,0
33,18,19,5,1,1
60,19,22,0,0,0
93,22,23,1,0,0
77,21,1,0,0,0
21,7,10,5,1,1
58,14,15,0,0,0
85,5,9,3,0,0
69,22,0,1,0,0
10,19,20,2,0,0
6,1,2,4,0,0
13,14,16,5,1,0
65,19,20,5,1,1
20,11,13,4,0,0
57,2,5,1,0,0
46,9,11,6,1,1
8,13,17,4,0,0
10,21,23,0,0,0
73,13,16,4,0,0
67,2,4,0,0,0
11,0,2,0,0,0
12,19,22,2,0,1
10,0,1,4,0,0
25,1,2,6,1,0
49,18,22,2,0,0
49,23,3,6,1,0
89,9,11,4,0,0
11,3,4,6,1,0
62,3,4,0,0,0
36,12,14,6,1,1
39,8,11,4,0,1
53,6,7,5,1,0
90,15,19,5,1,0
78,17,19,2,0,1
56,2,5,3,0,0
1,19,23,5,1,0
56,19,20,6,1,1
4,9,12,2,0,1
30,23,3,6,1,0
12,21,23,3,0,0
35,15,18,1,0,0
77,2,5,2,0,1
52,10,12,5,1,1
31,9,10,5,1,1
87,15,16,4,0,1
68,7,10,3,0,1
52,8,11,5,1,1
80,14,17,4,0,0
7,20,0,3,0,0
22,2,5,2,0,0
93,3,4,2,0,0
75,12,14,4,0,0
56,11,13,2,0,0
97,20,22,4,0,0
58,8,11,0,0,0
93,13,16,6,1,0
64,18,20,3,0,1
12,6,10,4,0,0
7,15,19,3,0,0
55,21,1,0,0,0
62,19,23,3,0,1
90,4,5,4,0,0
73,9,11,6,1,1
98,17,18,6,1,0
77,10,13,2,0,1
55,6,10,6,1,0
36,13,17,6,1,0
89,19,21,3,0,1
24,17,21,3,0,1
44,10,12,5,1,1
17,21,0,5,1,0
2,11,15,0,0,0
13,17,21,1,0,0
31,1,2,6,1,0
93,22,0,2,0,0
28,0,2,6,1,1
60,22,2,4,0,0
27,9,10,0,0,1
15,20,0,4,0,0
95,0,2,4,0,0
79,5,7,3,0,0
33,6,10,0,0,1
20,16,19,0,0,0
42,8,12,5,1,1
12,6,7,2,0,0
73,16,18,1,0,0
23,2,4,4,0,0
72,15,19,6,1,1
96,4,7,2,0,0
14,19,21,6,1,1
91,17,21,5,1,1
25,0,3,2,0,0
77,3,7,4,0,1
85,22,2,3,0,0
31,10,14,3,0,1
54,19,21,4,0,0
5,8,11,5,1,0
13,7,8,5,1,0
28,7,8,0,0,0
43,4,6,1,0,0
89,11,13,6,1,1
99,0,4,3,0,1
47,14,18,1,0,0
71,17,20,2,0,1
38,5,9,6,1,0
96,9,12,6,1,1
67,13,17,6,1,0
62,20,0,2,0,0
39,7,8,4,0,0
37,2,4,4,0,0
86,21,0,4,0,0
8,21,22,6,1,1
81,18,22,5,1,1
52,11,12,3,0,0
91,11,14,1,0,0
33,14,16,2,0,1
81,6,7,1,0,0
42,3,6,3,0,0
76,20,0,6,1,1
27,8,9,1,0,0
8,21,23,6,1,1
23,15,18,1,0,0
64,12,14,5,1,0
93,3,7,4,0,0
20,23,1,5,1,1
16,8,12,5,1,1
17,20,0,6,1,1
80,17,18,1,0,1
19,14,18,1,0,1
8,14,16,5,1,1
